item_id,tracking,meeting_date,portal_http,tracking_match,title_match,date_found,site_page,attach_check,note
14456,RES 2021 #175,2021-08-02,200,exact,prefix,yes,yes,,truncated side: ours (39 vs 40 chars)
20731,POR 2023 #167,2023-10-02,200,exact,prefix,yes,yes,,truncated side: ours (211 vs 212 chars)
31112,POR 2025 #144,2025-10-20,200,exact,prefix,yes,yes,,truncated side: ours (326 vs 327 chars)
16100,AR-22-22,2022-04-25,200,exact,prefix,yes,none,,truncated side: ours (83 vs 84 chars)
20324,RES 2023 #234,2023-09-11,200,exact,exact,yes,yes,,
8095,COM 713 #2018,2018-11-19,200,exact,prefix,yes,none,,truncated side: ours (99 vs 100 chars)
8066,RES 2018 #363,2018-11-19,200,exact,prefix,yes,yes,,truncated side: ours (47 vs 48 chars)
8635,CMA 2019 #21,2019-02-11,200,exact,prefix,yes,yes,pdf-ok,truncated side: ours (160 vs 161 chars)
13430,CMA 2021 #22,2021-02-08,200,exact,prefix,yes,yes,,truncated side: ours (121 vs 122 chars)
26081,RES 2024 #270,2024-11-04,200,exact,prefix,yes,yes,,truncated side: ours (108 vs 109 chars)
6145,POR 2018 #10,2018-01-22,200,exact,prefix,yes,yes,,truncated side: ours (194 vs 195 chars)
12276,CMA 2020 #165,2020-07-27,200,exact,prefix,yes,yes,,truncated side: ours (593 vs 594 chars)
14260,CMA 2021 #159,2021-06-14,200,exact,prefix,yes,yes,,truncated side: ours (551 vs 552 chars)
16855,POR 2022 #169,2022-09-19,200,exact,prefix,yes,yes,,truncated side: ours (392 vs 393 chars)
8745,RES 2019 #67,2019-02-25,200,exact,prefix,yes,yes,,truncated side: ours (39 vs 40 chars)
7537,POR 2018 #205,2018-09-17,200,exact,prefix,yes,yes,,truncated side: ours (304 vs 305 chars)
24673,RES 2024 #169,2024-06-24,200,exact,prefix,yes,yes,,truncated side: ours (105 vs 106 chars)
27795,RES 2025 #48,2025-03-03,200,exact,exact,yes,yes,,
7238,RES 2018 #197,2018-06-18,200,exact,prefix,yes,yes,,truncated side: ours (141 vs 142 chars)
14768,POR 2021 #204,2021-10-04,200,exact,prefix,yes,yes,,truncated side: ours (151 vs 152 chars)
15610,POR 2022 #25,2022-02-28,200,exact,prefix,yes,yes,,truncated side: ours (231 vs 232 chars)
31524,RES 2025 #280,2025-12-15,200,exact,prefix,yes,yes,,truncated side: ours (84 vs 85 chars)
6585,COM 218 #2018,2018-03-05,200,exact,prefix,yes,none,,truncated side: ours (142 vs 143 chars)
26090,CMA 2024 #233,2024-11-04,200,exact,prefix,yes,yes,,truncated side: ours (278 vs 279 chars)
16350,POR 2022 #105,2022-05-23,200,exact,prefix,yes,yes,,truncated side: ours (212 vs 213 chars)
20528,CMA 2023 #232,2023-09-11,200,exact,prefix,yes,yes,,truncated side: ours (545 vs 546 chars)
24751,RES 2024 #180,2024-06-24,200,exact,exact,yes,yes,,
6654,COM 249 #2018,2018-03-19,200,exact,prefix,yes,none,,truncated side: ours (158 vs 159 chars)
18107,POR 2023 #24,2023-02-06,200,exact,prefix,yes,yes,,truncated side: ours (283 vs 284 chars)
8492,RES 2019 #30,2019-01-28,200,exact,exact,yes,yes,,
29251,RES 2025 #92,2025-04-14,200,exact,exact,yes,yes,,
19107,RES 2023 #123,2023-04-24,200,exact,prefix,yes,yes,,truncated side: ours (77 vs 78 chars)
20274,CMA 2023 #194,2023-08-07,200,exact,prefix,yes,yes,,truncated side: ours (159 vs 160 chars)
14397,CMA 2021 #178,2021-06-28,200,exact,prefix,yes,yes,,truncated side: ours (298 vs 299 chars)
13496,POR 2021 #30,2021-02-22,200,exact,exact,yes,yes,,
18465,CMA 2023 #64,2023-02-27,200,exact,prefix,yes,yes,,truncated side: ours (145 vs 146 chars)
7778,RES 2018 #321,2018-10-15,200,exact,prefix,yes,yes,,truncated side: ours (69 vs 70 chars)
16361,RES 2022 #129,2022-05-23,200,exact,exact,yes,yes,,
25933,RES 2024 #250,2024-10-21,200,exact,prefix,yes,yes,,truncated side: ours (49 vs 50 chars)
8645,AR-19-17,2019-02-11,200,exact,prefix,yes,none,,truncated side: ours (235 vs 236 chars)
22011,POR 2024 #11,2024-01-29,200,exact,exact,yes,yes,,
6342,RES 2018 #36,2018-02-12,200,exact,prefix,yes,yes,,truncated side: ours (42 vs 43 chars)
7584,CMA 2018 #220,2018-09-17,200,exact,prefix,yes,yes,,truncated side: ours (531 vs 532 chars)
9485,POR 2019 #203,2019-06-10,200,exact,prefix,yes,yes,,truncated side: ours (378 vs 379 chars)
16741,AR-22-50,2022-09-12,200,exact,prefix,yes,none,,truncated side: ours (52 vs 53 chars)
10076,POR 2019 #280,2019-09-09,200,exact,prefix,yes,yes,,truncated side: ours (178 vs 179 chars)
13715,RES 2021 #79,2021-03-22,200,exact,prefix,yes,yes,,truncated side: ours (46 vs 47 chars)
25940,CMA 2024 #230,2024-10-21,200,exact,prefix,yes,yes,,truncated side: ours (298 vs 299 chars)
8971,CMA 2019 #91,2019-04-08,200,exact,exact,yes,yes,,
17379,POR 2022 #288,2022-11-07,200,exact,exact,yes,yes,pdf-ok,
12744,RES 2020 #252,2020-10-19,200,exact,prefix,yes,yes,,truncated side: ours (46 vs 48 chars)
7701,AR-18-95,2018-10-01,200,exact,prefix,yes,none,,truncated side: ours (124 vs 125 chars)
18386,RES 2023 #96,2023-04-10,200,exact,prefix,yes,yes,,truncated side: ours (93 vs 94 chars)
9327,CMA 2019 #143,2019-05-20,200,exact,prefix,yes,yes,,truncated side: ours (531 vs 532 chars)
8985,CMA 2019 #87,2019-04-08,200,exact,prefix,yes,yes,,truncated side: ours (295 vs 296 chars)
24902,RES 2024 #194,2024-08-05,200,exact,prefix,yes,yes,,truncated side: ours (121 vs 122 chars)
14389,POR 2021 #150,2021-06-28,200,exact,exact,yes,yes,,
7047,POR 2018 #140,2018-05-14,200,exact,prefix,yes,yes,,truncated side: ours (230 vs 231 chars)
17975,CMA 2023 #17,2023-01-23,200,exact,prefix,yes,yes,,truncated side: ours (405 vs 406 chars)
11336,POR 2020 #29,2020-02-10,200,exact,prefix,yes,yes,,truncated side: ours (76 vs 77 chars)
9601,RES 2019 #208,2019-06-24,200,exact,prefix,yes,yes,,truncated side: ours (52 vs 53 chars)
10500,POR 2019 #331,2019-10-07,200,exact,prefix,yes,yes,,truncated side: ours (353 vs 354 chars)
13223,CMA 2020 #294,2020-12-21,200,exact,prefix,yes,yes,,truncated side: ours (184 vs 185 chars)
31321,RES 2025 #294,2025-12-22,200,exact,prefix,yes,yes,,truncated side: ours (92 vs 93 chars)
8491,RES 2019 #29,2019-01-28,200,exact,exact,yes,yes,,
16836,RES 2022 #234,2022-09-19,200,exact,prefix,yes,yes,,truncated side: ours (90 vs 91 chars)
6643,POR 2018 #78,2018-03-19,200,exact,exact,yes,yes,,
17714,RES 2022 #320,2022-12-19,200,exact,prefix,yes,yes,,truncated side: ours (34 vs 35 chars)
7117,COM 427 #2018,2018-05-21,200,exact,prefix,yes,none,,truncated side: ours (104 vs 105 chars)
7317,POR 2018 #167,2018-06-25,200,exact,prefix,yes,yes,,truncated side: ours (180 vs 181 chars)
19167,CMA 2023 #112,2023-05-01,200,exact,prefix,yes,yes,,truncated side: ours (291 vs 292 chars)
7454,CMA 2018 #176,2018-07-30,200,exact,prefix,yes,yes,,truncated side: ours (209 vs 210 chars)
18441,CMA 2023 #53,2023-02-27,200,exact,prefix,yes,yes,,truncated side: ours (213 vs 214 chars)
17956,CMA 2023 #16,2023-01-23,200,exact,prefix,yes,yes,,truncated side: ours (164 vs 165 chars)
10360,RES 2019 #307,2019-09-23,200,exact,prefix,yes,yes,,truncated side: ours (143 vs 144 chars)
10882,POR 2019 #377,2019-11-25,200,exact,prefix,yes,yes,,truncated side: ours (250 vs 251 chars)
30748,AR-25-43,2025-08-04,200,exact,prefix,yes,none,,truncated side: ours (281 vs 282 chars)
13774,POR 2021 #64,2021-04-05,200,exact,exact,yes,yes,,
25587,ARS-24-20,2024-09-23,200,exact,exact,yes,none,pdf-ok,
27867,CMA 2025 #45,2025-03-17,200,exact,prefix,yes,yes,,truncated side: ours (443 vs 444 chars)
13125,POR 2020 #285,2020-12-07,200,exact,exact,yes,yes,,
13576,RES 2021 #61,2021-03-01,200,exact,exact,yes,yes,,
15964,CMA 2022 #61,2022-03-28,200,exact,prefix,yes,yes,,truncated side: ours (346 vs 347 chars)
6393,RES 2018 #46,2018-02-26,200,exact,prefix,yes,yes,,truncated side: ours (185 vs 186 chars)
18298,POR 2023 #31,2023-02-13,200,exact,exact,yes,yes,,
17015,POR 2022 #187,2022-10-03,200,exact,prefix,yes,yes,,truncated side: ours (297 vs 298 chars)
8149,POR 2018 #301,2018-12-03,200,exact,exact,yes,yes,,
15162,CMA 2021 #269,2021-12-06,200,exact,prefix,yes,yes,,truncated side: ours (500 vs 501 chars)
9773,RES 2019 #245,2019-07-30,200,exact,prefix,yes,yes,,truncated side: ours (47 vs 48 chars)
24929,AR-24-38,2024-08-05,200,exact,prefix,yes,none,,truncated side: ours (595 vs 596 chars)
6427,POR 2018 #46,2018-02-26,200,exact,prefix,yes,yes,,truncated side: ours (44 vs 45 chars)
12521,RES 2020 #223,2020-09-14,200,exact,exact,yes,yes,,
15962,CMA 2022 #60,2022-03-28,200,exact,prefix,yes,yes,pdf-ok,truncated side: ours (101 vs 102 chars)
28214,POR 2025 #45,2025-03-31,200,exact,prefix,yes,yes,,truncated side: ours (300 vs 301 chars)
9635,RES 2019 #214,2019-06-24,200,exact,prefix,yes,yes,,truncated side: ours (68 vs 69 chars)
20256,CMA 2023 #197,2023-08-07,200,exact,prefix,yes,yes,,truncated side: ours (156 vs 157 chars)
12539,RES 2020 #227,2020-09-14,200,exact,prefix,yes,yes,,truncated side: ours (42 vs 43 chars)
22016,POR 2024 #13,2024-01-29,200,exact,prefix,yes,yes,,truncated side: ours (25 vs 26 chars)
17362,POR 2022 #285,2022-11-07,200,exact,exact,yes,yes,,
6218,RES 2018 #19,2018-01-29,200,exact,exact,yes,yes,,
11340,POR 2020 #30,2020-02-10,200,exact,prefix,yes,yes,,truncated side: ours (297 vs 298 chars)
6272,APP 2018 #8,2018-02-05,200,exact,exact,yes,yes,pdf-ok,
22149,CMA 2024 #18,2024-02-12,200,exact,prefix,yes,yes,,truncated side: ours (274 vs 275 chars)
17345,RES 2022 #298,2022-11-14,200,exact,exact,yes,yes,,
23290,RES 2024 #82,2024-04-29,200,exact,prefix,no,yes,,truncated side: ours (53 vs 54 chars)
27118,RES 2025 #19,2025-01-27,200,exact,prefix,yes,yes,,truncated side: ours (54 vs 55 chars)
19813,CMA 2023 #168,2023-06-12,200,exact,prefix,yes,yes,,truncated side: ours (316 vs 317 chars)
20054,CMA 2023 #184,2023-06-26,200,exact,prefix,yes,yes,,truncated side: ours (245 vs 246 chars)
30652,POR 2025 #98,2025-06-23,200,exact,exact,yes,yes,,
9411,CMA 2019 #155,2019-06-03,200,exact,prefix,yes,yes,,truncated side: ours (266 vs 267 chars)
16676,POR 2022 #143,2022-08-01,200,exact,exact,yes,yes,,
28245,RES 2025 #76,2025-03-31,200,exact,exact,yes,yes,,
7687,COM 584 #2018,2018-09-24,200,exact,prefix,yes,none,,truncated side: ours (143 vs 144 chars)
16057,RES 2022 #84,2022-04-11,200,exact,prefix,yes,yes,,truncated side: ours (129 vs 130 chars)
7658,RES 2018 #294,2018-09-24,200,exact,prefix,yes,yes,,truncated side: ours (113 vs 114 chars)
10734,RES 2019 #366,2019-11-04,200,exact,exact,yes,yes,,
7402,RES 2018 #233,2018-07-30,200,exact,prefix,yes,yes,,truncated side: ours (321 vs 322 chars)
6714,RES 2018 #107,2018-04-02,200,exact,prefix,yes,yes,,truncated side: ours (102 vs 103 chars)
14656,POR 2021 #190,2021-09-20,200,exact,exact,yes,yes,,
31828,APP 2026 #2,2026-01-12,200,exact,prefix,yes,yes,pdf-ok,truncated side: ours (303 vs 304 chars)
15498,CMA 2022 #14,2022-01-31,200,exact,prefix,yes,yes,,truncated side: ours (193 vs 194 chars)
16566,CMA 2022 #146,2022-06-27,200,exact,prefix,yes,yes,pdf-ok,truncated side: ours (955 vs 956 chars)
14713,RES 2021 #216,2021-09-27,200,exact,exact,yes,yes,,
20255,CMA 2023 #204,2023-08-07,200,exact,prefix,yes,yes,,truncated side: ours (126 vs 127 chars)
7887,RES 2018 #343,2018-10-29,200,exact,prefix,yes,yes,,truncated side: ours (112 vs 113 chars)
25043,CMA 2024 #188,2024-09-09,200,exact,prefix,yes,yes,,truncated side: ours (507 vs 508 chars)
12205,RES 2020 #178,2020-07-27,200,exact,exact,yes,yes,,
7378,COM 518 #2018,2018-06-25,200,exact,prefix,yes,none,,truncated side: ours (132 vs 133 chars)
11887,POR 2020 #119,2020-05-18,200,exact,prefix,yes,yes,,truncated side: ours (253 vs 254 chars)
17340,CMA 2022 #215,2022-11-07,200,exact,prefix,yes,yes,,truncated side: ours (258 vs 259 chars)
25010,POR 2024 #116,2024-09-09,200,exact,prefix,yes,yes,,truncated side: ours (307 vs 308 chars)
13457,POR 2021 #29,2021-02-08,200,exact,prefix,yes,yes,,truncated side: ours (198 vs 199 chars)
25002,RES 2024 #237,2024-10-07,200,exact,prefix,yes,yes,,truncated side: ours (89 vs 90 chars)
10791,RES 2019 #373,2019-11-04,200,exact,exact,yes,yes,,
6594,COM 227 #2018,2018-03-05,200,exact,prefix,yes,none,,truncated side: ours (173 vs 174 chars)
30798,CMA 2025 #213,2025-08-04,200,exact,prefix,yes,yes,,truncated side: ours (142 vs 143 chars)
31361,RES 2025 #268,2025-12-08,200,exact,prefix,yes,yes,,truncated side: ours (48 vs 49 chars)
13047,RES 2020 #286,2020-11-23,200,exact,prefix,yes,yes,,truncated side: ours (44 vs 45 chars)
9801,RES 2019 #255,2019-07-30,200,exact,prefix,yes,yes,,truncated side: ours (42 vs 43 chars)
24455,RES 2024 #135,2024-06-10,200,exact,prefix,yes,yes,,truncated side: ours (108 vs 109 chars)
26683,CMA 2024 #267,2024-12-16,200,exact,prefix,yes,yes,,truncated side: ours (144 vs 145 chars)
30879,CMA 2025 #216,2025-09-08,200,exact,prefix,yes,yes,,truncated side: ours (510 vs 511 chars)
13578,POR 2021 #36,2021-03-01,200,exact,exact,yes,yes,,
8590,CMA 2019 #33,2019-02-11,200,exact,prefix,yes,yes,,truncated side: ours (284 vs 285 chars)
15311,POR 2021 #283,2021-12-20,200,exact,prefix,yes,yes,,truncated side: ours (267 vs 268 chars)
12329,AR-20-34,2020-07-27,200,exact,prefix,yes,none,,truncated side: ours (110 vs 111 chars)
6891,POR 2018 #119,2018-04-30,200,exact,prefix,yes,yes,,truncated side: ours (209 vs 210 chars)
10722,RES 2019 #361,2019-10-28,200,exact,prefix,yes,yes,,truncated side: ours (38 vs 39 chars)
13507,CMA 2021 #31,2021-02-22,200,exact,prefix,yes,yes,,truncated side: ours (189 vs 190 chars)
6436,RES 2018 #62,2018-02-26,200,exact,prefix,yes,yes,,truncated side: ours (137 vs 138 chars)
12888,CMA 2020 #253,2020-11-02,200,exact,prefix,yes,yes,,truncated side: ours (281 vs 282 chars)
7603,RES 2018 #281,2018-09-17,200,exact,exact,yes,yes,,
21961,RES 2024 #130,2024-06-10,200,exact,prefix,yes,yes,,truncated side: ours (93 vs 94 chars)
16364,POR 2022 #106,2022-05-23,200,exact,prefix,yes,yes,,truncated side: ours (140 vs 141 chars)
7004,COM 377 #2018,2018-05-07,200,exact,prefix,yes,none,,truncated side: ours (175 vs 176 chars)
7571,POR 2018 #206,2018-09-17,200,exact,prefix,yes,yes,,truncated side: ours (246 vs 247 chars)
22568,RES 2024 #68,2024-04-08,200,exact,prefix,yes,yes,,truncated side: ours (153 vs 154 chars)
15554,APP 2022 #3,2022-02-07,200,exact,prefix,yes,yes,,truncated side: ours (358 vs 359 chars)
9069,POR 2019 #146,2019-04-22,200,exact,prefix,yes,yes,,truncated side: ours (123 vs 124 chars)
18394,CMA 2023 #49,2023-02-13,200,exact,prefix,yes,yes,,truncated side: ours (165 vs 166 chars)
7241,CMA 2018 #143,2018-06-18,200,exact,prefix,yes,yes,,truncated side: ours (330 vs 331 chars)
19184,RES 2023 #129,2023-05-01,200,exact,prefix,yes,yes,,truncated side: ours (94 vs 95 chars)
30527,CMA 2025 #173,2025-06-23,200,exact,prefix,yes,yes,,truncated side: ours (153 vs 154 chars)
7555,RES 2018 #273,2018-09-17,200,exact,prefix,yes,yes,,truncated side: ours (114 vs 115 chars)
31072,RES 2025 #227,2025-10-20,200,exact,prefix,yes,yes,,truncated side: ours (44 vs 45 chars)
26960,POR 2025 #1,2025-01-06,200,exact,prefix,yes,yes,,truncated side: ours (234 vs 235 chars)
16037,RES 2022 #83,2022-04-11,200,exact,prefix,yes,yes,,truncated side: ours (53 vs 54 chars)
17541,RES 2022 #302,2022-11-21,200,exact,prefix,yes,yes,,truncated side: ours (41 vs 42 chars)
6380,COM 125 #2018,2018-02-12,200,exact,prefix,yes,none,,truncated side: ours (96 vs 97 chars)
10469,POR 2019 #323,2019-10-07,200,exact,prefix,yes,yes,,truncated side: ours (160 vs 161 chars)
8762,RES 2019 #69,2019-03-04,200,exact,prefix,yes,yes,,truncated side: ours (50 vs 51 chars)
24732,AR-24-33,2024-06-24,200,exact,prefix,yes,none,,truncated side: ours (195 vs 196 chars)
8389,POR 2019 #10,2019-01-07,200,exact,prefix,yes,yes,,truncated side: ours (125 vs 126 chars)
19836,POR 2023 #116,2023-06-12,200,exact,exact,yes,yes,,
6163,POR 2018 #14,2018-01-29,200,exact,prefix,yes,yes,,truncated side: ours (143 vs 144 chars)
14332,POR 2021 #141,2021-06-21,200,exact,prefix,yes,yes,,truncated side: ours (326 vs 327 chars)
8011,POR 2018 #275,2018-11-19,200,exact,prefix,yes,yes,,truncated side: ours (250 vs 251 chars)
9011,POR 2019 #136,2019-04-08,200,exact,prefix,yes,yes,,truncated side: ours (181 vs 182 chars)
6384,COM 127 #2018,2018-02-12,200,exact,prefix,yes,none,pdf-ok,truncated side: ours (83 vs 84 chars)
6561,POR 2018 #69,2018-03-05,200,exact,prefix,yes,yes,,truncated side: ours (508 vs 509 chars)
7501,POR 2018 #199,2018-07-30,200,exact,prefix,yes,yes,,truncated side: ours (145 vs 146 chars)
21750,RES 2023 #314,2023-12-18,200,exact,exact,yes,yes,,
6732,RES 2018 #110,2018-04-02,200,exact,prefix,yes,yes,,truncated side: ours (47 vs 48 chars)
20820,POR 2023 #183,2023-10-16,200,exact,prefix,yes,yes,,truncated side: ours (204 vs 205 chars)
6443,POR 2018 #52,2018-02-26,200,exact,prefix,yes,yes,,truncated side: ours (274 vs 275 chars)
8381,AR-18-143,2019-01-07,200,exact,prefix,yes,none,,truncated side: ours (177 vs 178 chars)
8919,CMA 2019 #70,2019-04-01,200,exact,prefix,yes,yes,,truncated side: ours (367 vs 368 chars)
14283,AR-21-43,2021-06-14,200,exact,prefix,yes,none,,truncated side: ours (166 vs 167 chars)
17748,CMA 2022 #252,2022-12-19,200,exact,prefix,yes,yes,,truncated side: ours (195 vs 196 chars)
28029,CMA 2025 #65,2025-03-24,200,exact,prefix,yes,yes,,truncated side: ours (507 vs 508 chars)
9173,RES 2019 #128,2019-04-29,200,exact,prefix,yes,yes,,truncated side: ours (37 vs 38 chars)
6093,POR 2018 #4,2018-01-08,200,exact,prefix,yes,yes,,truncated side: ours (225 vs 226 chars)
9660,RES 2019 #230,2019-06-24,200,exact,prefix,yes,yes,,truncated side: ours (42 vs 43 chars)
31139,CMA 2025 #258,2025-10-20,200,exact,prefix,yes,yes,,truncated side: ours (177 vs 178 chars)
14385,CMA 2021 #174,2021-06-28,200,exact,prefix,yes,yes,,truncated side: ours (425 vs 426 chars)
12719,COM 644 #2020,2020-10-05,200,exact,prefix,yes,none,,truncated side: ours (101 vs 102 chars)
29229,RES 2025 #91,2025-04-14,200,exact,exact,yes,yes,,
9127,CMA 2019 #116,2019-04-22,200,exact,prefix,yes,yes,,truncated side: ours (130 vs 131 chars)
6740,RES 2018 #112,2018-04-02,200,exact,prefix,yes,yes,,truncated side: ours (48 vs 49 chars)
26162,RES 2024 #283,2024-11-18,200,exact,exact,yes,yes,,
8562,RES 2019 #43,2019-02-04,200,exact,prefix,yes,yes,,truncated side: ours (45 vs 46 chars)
14277,CMA 2021 #162,2021-06-14,200,exact,exact,yes,yes,,
9862,RES 2019 #264,2019-07-30,200,exact,prefix,yes,yes,,truncated side: ours (60 vs 61 chars)
8794,POR 2019 #83,2019-03-18,200,exact,prefix,yes,yes,,truncated side: ours (221 vs 222 chars)
16657,APP 2022 #35,2022-08-01,200,exact,prefix,yes,yes,,truncated side: ours (292 vs 293 chars)
6809,APP 2018 #17,2018-04-23,200,exact,prefix,yes,yes,,truncated side: ours (169 vs 170 chars)
16328,POR 2022 #99,2022-05-23,200,exact,exact,yes,yes,,
8220,CMA 2018 #326,2018-12-10,200,exact,prefix,yes,yes,,truncated side: ours (191 vs 192 chars)
7348,POR 2018 #173,2018-06-25,200,exact,prefix,yes,yes,,truncated side: ours (216 vs 217 chars)
13846,POR 2021 #80,2021-04-12,200,exact,exact,yes,yes,,
9005,RES 2019 #104,2019-04-08,200,exact,prefix,yes,yes,,truncated side: ours (106 vs 107 chars)
20520,CMA 2023 #224,2023-09-11,200,exact,prefix,yes,yes,,truncated side: ours (422 vs 423 chars)
12676,CMA 2020 #211,2020-10-05,200,exact,prefix,yes,yes,pdf-ok,truncated side: ours (184 vs 185 chars)
31120,POR 2025 #146,2025-10-20,200,exact,prefix,yes,yes,,truncated side: ours (115 vs 116 chars)
11330,RES 2020 #48,2020-02-10,200,exact,prefix,yes,yes,,truncated side: ours (120 vs 121 chars)
16258,AR-22-28,2022-05-09,200,exact,prefix,yes,none,,truncated side: ours (116 vs 117 chars)
8984,CMA 2019 #89,2019-04-08,200,exact,prefix,yes,yes,,truncated side: ours (551 vs 552 chars)
7028,RES 2018 #167,2018-05-14,200,exact,prefix,yes,yes,,truncated side: ours (111 vs 112 chars)
24503,CMA 2024 #129,2024-06-17,200,exact,prefix,yes,yes,,truncated side: ours (463 vs 464 chars)
10700,APP 2019 #85,2019-10-28,200,exact,prefix,yes,yes,,truncated side: ours (296 vs 297 chars)
11369,CMA 2020 #46,2020-02-24,200,exact,prefix,yes,yes,,truncated side: ours (175 vs 176 chars)
14257,CMA 2021 #160,2021-06-14,200,exact,prefix,yes,yes,,truncated side: ours (322 vs 323 chars)
14403,POR 2021 #155,2021-06-28,200,exact,prefix,yes,yes,,truncated side: ours (178 vs 179 chars)
14617,POR 2021 #184,2021-09-13,200,exact,prefix,yes,yes,,truncated side: ours (268 vs 269 chars)
8273,CMA 2018 #332,2018-12-17,200,exact,prefix,yes,yes,,truncated side: ours (258 vs 259 chars)
7823,AR-18-107,2018-10-29,200,exact,prefix,yes,none,,truncated side: ours (77 vs 78 chars)
29804,POR 2025 #84,2025-06-09,200,exact,prefix,yes,yes,,truncated side: ours (223 vs 224 chars)
13296,RES 2021 #10,2021-01-04,200,exact,exact,yes,yes,,
18131,RES 2023 #56,2023-02-13,200,exact,prefix,yes,yes,,truncated side: ours (54 vs 55 chars)
17389,RES 2023 #130,2023-05-08,200,exact,exact,yes,yes,,
8454,RES 2019 #24,2019-01-14,200,exact,prefix,yes,yes,,truncated side: ours (58 vs 59 chars)
9181,CMA 2019 #123,2019-04-29,200,exact,prefix,yes,yes,,truncated side: ours (571 vs 572 chars)
6392,RES 2018 #45,2018-02-26,200,exact,prefix,yes,yes,,truncated side: ours (116 vs 117 chars)
7426,CMA 2018 #179,2018-07-30,200,exact,prefix,yes,yes,,truncated side: ours (250 vs 251 chars)
13239,POR 2020 #297,2020-12-21,200,exact,prefix,yes,yes,,truncated side: ours (131 vs 132 chars)
20203,RES 2023 #214,2023-08-07,200,exact,prefix,yes,yes,,truncated side: ours (45 vs 46 chars)
19040,APP 2023 #20,2023-04-10,200,exact,prefix,yes,yes,,truncated side: ours (281 vs 282 chars)
17508,POR 2022 #304,2022-11-21,200,exact,prefix,yes,yes,,truncated side: ours (874 vs 875 chars)
16564,RES 2022 #159,2022-06-27,200,exact,prefix,yes,yes,,truncated side: ours (110 vs 111 chars)
20526,CMA 2023 #230,2023-09-11,200,exact,prefix,yes,yes,,truncated side: ours (604 vs 605 chars)
8647,POR 2019 #55,2019-02-11,200,exact,prefix,yes,yes,,truncated side: ours (274 vs 275 chars)
8013,RES 2018 #355,2018-11-19,200,exact,prefix,yes,yes,,truncated side: ours (125 vs 126 chars)
15633,CMA 2022 #36,2022-02-28,200,exact,prefix,yes,yes,,truncated side: ours (298 vs 299 chars)
30443,CMA 2025 #161,2025-06-23,200,exact,prefix,yes,yes,,truncated side: ours (308 vs 309 chars)
15579,RES 2022 #31,2022-02-07,200,exact,prefix,yes,yes,,truncated side: ours (51 vs 52 chars)
16210,APP 2022 #18,2022-05-02,200,exact,prefix,yes,yes,,truncated side: ours (345 vs 346 chars)
14619,POR 2021 #186,2021-09-13,200,exact,prefix,yes,yes,,truncated side: ours (395 vs 396 chars)
8323,COM 790 #2018,2018-12-17,200,exact,prefix,yes,none,,truncated side: ours (98 vs 99 chars)
15274,POR 2021 #277,2021-12-20,200,exact,exact,yes,yes,,
13360,RES 2021 #20,2021-02-03,200,exact,exact,yes,yes,,
9652,APP 2019 #54,2019-06-24,200,exact,prefix,yes,yes,,truncated side: ours (276 vs 277 chars)
24670,RES 2024 #166,2024-06-24,200,exact,prefix,yes,yes,,truncated side: ours (96 vs 97 chars)
22304,APP 2024 #9,2024-03-18,200,exact,prefix,yes,yes,,truncated side: ours (373 vs 374 chars)
6738,POR 2018 #92,2018-04-02,200,exact,prefix,yes,yes,,truncated side: ours (187 vs 188 chars)
14206,RES 2021 #153,2021-06-07,200,exact,exact,yes,yes,,
15122,RES 2021 #287,2021-11-22,200,exact,prefix,yes,yes,,truncated side: ours (73 vs 74 chars)
14649,CMA 2021 #214,2021-09-20,200,exact,prefix,yes,yes,,truncated side: ours (498 vs 499 chars)
13224,CMA 2020 #295,2020-12-21,200,exact,prefix,yes,yes,pdf-ok,truncated side: ours (161 vs 162 chars)
13983,CMA 2021 #102,2021-05-10,200,exact,prefix,yes,yes,,truncated side: ours (411 vs 412 chars)
14940,RES 2021 #266,2021-11-01,200,exact,prefix,yes,yes,,truncated side: ours (114 vs 115 chars)
22287,CMA 2024 #31,2024-03-04,200,exact,prefix,yes,yes,,truncated side: ours (250 vs 251 chars)
21145,POR 2023 #207,2023-11-06,200,exact,exact,yes,yes,,
13768,AR-21-20,2021-04-05,200,exact,prefix,yes,none,,truncated side: ours (148 vs 149 chars)
13357,RES 2021 #19,2021-02-03,200,exact,exact,yes,yes,,
25955,RES 2024 #258,2024-10-21,200,exact,exact,yes,yes,,
24445,AR-24-28,2024-06-10,200,exact,prefix,yes,none,,truncated side: ours (110 vs 111 chars)
12071,CMA 2020 #144,2020-06-22,200,exact,prefix,yes,yes,,truncated side: ours (509 vs 510 chars)
21124,RES 2023 #295,2023-11-06,200,exact,prefix,yes,yes,,truncated side: ours (48 vs 49 chars)
6382,POR 2018 #39,2018-02-26,200,exact,prefix,yes,yes,,truncated side: ours (258 vs 259 chars)
6295,AR-18-15,2018-02-12,200,exact,prefix,yes,none,,truncated side: ours (104 vs 105 chars)
26965,RES 2025 #13,2025-01-06,200,exact,exact,yes,yes,,
15078,CMA 2021 #256,2021-11-22,200,exact,prefix,yes,yes,,truncated side: ours (188 vs 189 chars)
14579,CMA 2021 #208,2021-09-13,200,exact,prefix,yes,yes,,truncated side: ours (561 vs 562 chars)
20036,RES 2023 #184,2023-06-26,200,exact,prefix,yes,yes,,truncated side: ours (48 vs 49 chars)
10811,CMA 2019 #289,2019-11-18,200,exact,exact,yes,yes,,
6108,AR-18-1,2018-01-22,200,exact,prefix,yes,none,,truncated side: ours (181 vs 182 chars)
8243,RES 2018 #385,2018-12-10,200,exact,exact,yes,yes,,
22291,CMA 2024 #33,2024-03-04,200,exact,prefix,yes,yes,pdf-ok,truncated side: ours (108 vs 109 chars)
26722,POR 2024 #162,2024-12-23,200,exact,prefix,yes,yes,,truncated side: ours (404 vs 405 chars)
16813,RES 2022 #223,2022-09-12,200,exact,prefix,yes,yes,,truncated side: ours (211 vs 212 chars)
10699,APP 2019 #84,2019-10-28,200,exact,prefix,yes,yes,,truncated side: ours (258 vs 259 chars)
8851,COM 150 #2019,2019-03-18,200,exact,prefix,yes,none,pdf-ok,truncated side: ours (234 vs 235 chars)
15553,APP 2022 #4,2022-02-07,200,exact,prefix,yes,yes,,truncated side: ours (421 vs 422 chars)
8895,APP 2019 #20,2019-03-25,200,exact,prefix,yes,yes,,truncated side: ours (339 vs 340 chars)
17521,CMA 2022 #234,2022-11-21,200,exact,prefix,yes,yes,,truncated side: ours (288 vs 290 chars)
11245,RES 2020 #33,2020-01-27,200,exact,prefix,yes,yes,,truncated side: ours (58 vs 59 chars)
9782,CMA 2019 #217,2019-07-30,200,exact,prefix,yes,yes,,truncated side: ours (221 vs 222 chars)
16688,POR 2022 #144,2022-08-01,200,exact,prefix,yes,yes,,truncated side: ours (115 vs 116 chars)
25585,CMA 2024 #204,2024-09-23,200,exact,prefix,yes,yes,,truncated side: ours (138 vs 139 chars)
7225,AR-18-61,2018-06-18,200,exact,prefix,yes,none,,truncated side: ours (159 vs 160 chars)
11282,POR 2020 #21,2020-02-03,200,exact,prefix,yes,yes,,truncated side: ours (240 vs 241 chars)
21747,RES 2023 #313,2023-12-18,200,exact,prefix,yes,yes,,truncated side: ours (69 vs 70 chars)
24622,POR 2024 #84,2024-06-17,200,exact,prefix,yes,yes,,truncated side: ours (333 vs 334 chars)
24388,CMA 2024 #115,2024-06-03,200,exact,prefix,yes,yes,,truncated side: ours (144 vs 145 chars)
31519,CMA 2025 #297,2025-12-15,200,exact,prefix,yes,yes,,truncated side: ours (208 vs 209 chars)
27865,CMA 2025 #46,2025-03-17,200,exact,prefix,yes,yes,,truncated side: ours (326 vs 327 chars)
24883,CMA 2024 #160,2024-08-05,200,exact,prefix,yes,yes,,truncated side: ours (247 vs 248 chars)
30434,AR-25-38,2025-06-23,200,exact,prefix,yes,none,,truncated side: ours (262 vs 263 chars)
15147,AR-21-89,2021-12-06,200,exact,prefix,yes,none,,truncated side: ours (114 vs 115 chars)
11467,POR 2020 #46,2020-03-02,200,exact,prefix,yes,yes,,truncated side: ours (301 vs 302 chars)
14177,CMA 2021 #141,2021-06-07,200,exact,prefix,yes,yes,,truncated side: ours (232 vs 233 chars)
16445,CMA 2022 #124,2022-06-13,200,exact,prefix,yes,yes,,truncated side: ours (242 vs 243 chars)
15212,CMA 2021 #274,2021-12-13,200,exact,prefix,yes,yes,,truncated side: ours (516 vs 517 chars)
11192,CMA 2020 #17,2020-01-27,200,exact,prefix,yes,yes,,truncated side: ours (284 vs 285 chars)
6245,AR-18-7,2018-02-05,200,exact,prefix,yes,none,,truncated side: ours (103 vs 104 chars)
6578,COM 211 #2018,2018-03-05,200,exact,prefix,yes,none,,truncated side: ours (114 vs 115 chars)
7663,POR 2018 #219,2018-09-24,200,exact,exact,yes,yes,,
11508,CMA 2020 #64,2020-03-16,200,exact,prefix,yes,yes,,truncated side: ours (442 vs 443 chars)
10753,RES 2019 #371,2019-11-04,200,exact,exact,yes,yes,,
10357,POR 2019 #309,2019-09-23,200,exact,prefix,yes,yes,,truncated side: ours (239 vs 240 chars)
17869,RES 2023 #23,2023-01-23,200,exact,prefix,yes,yes,,truncated side: ours (46 vs 47 chars)
17017,POR 2022 #262,2022-10-03,200,exact,prefix,yes,yes,,truncated side: ours (103 vs 104 chars)
20063,RES 2023 #191,2023-06-26,200,exact,prefix,yes,yes,,truncated side: ours (100 vs 101 chars)
29293,RES 2025 #98,2025-04-28,200,exact,prefix,yes,yes,,truncated side: ours (95 vs 96 chars)
22140,POR 2024 #20,2024-02-26,200,exact,prefix,yes,yes,,truncated side: ours (263 vs 264 chars)
15136,RES 2021 #292,2021-11-22,200,exact,prefix,yes,yes,,truncated side: ours (42 vs 43 chars)
13504,RES 2021 #51,2021-02-22,200,exact,exact,yes,yes,,
6928,RES 2018 #143,2018-04-30,200,exact,prefix,yes,yes,,truncated side: ours (136 vs 137 chars)
11271,CMA 2020 #22,2020-02-03,200,exact,prefix,yes,yes,,truncated side: ours (291 vs 292 chars)
6742,RES 2018 #182,2018-06-04,200,exact,prefix,yes,yes,,truncated side: ours (86 vs 87 chars)
18507,CMA 2023 #71,2023-03-06,200,exact,prefix,yes,yes,,truncated side: ours (162 vs 163 chars)
15983,RES 2022 #70,2022-03-28,200,exact,prefix,yes,yes,,truncated side: ours (151 vs 152 chars)
17478,CMA 2022 #225,2022-11-14,200,exact,prefix,yes,yes,,truncated side: ours (97 vs 98 chars)
6846,RES 2018 #127,2018-04-23,200,exact,prefix,yes,yes,,truncated side: ours (135 vs 136 chars)
8133,RES 2018 #376,2018-12-03,200,exact,prefix,yes,yes,,truncated side: ours (100 vs 101 chars)
16892,POR 2022 #171,2022-09-19,200,exact,exact,yes,yes,,
7591,RES 2018 #277,2018-09-17,200,exact,prefix,yes,yes,,truncated side: ours (80 vs 81 chars)
17510,RES 2022 #300,2022-11-21,200,exact,prefix,yes,yes,,truncated side: ours (106 vs 107 chars)
22358,CMA 2024 #44,2024-03-18,200,exact,prefix,yes,yes,,truncated side: ours (283 vs 284 chars)
15627,POR 2022 #27,2022-02-28,200,exact,exact,yes,yes,,
7581,CMA 2018 #224,2018-09-17,200,exact,prefix,yes,yes,,truncated side: ours (256 vs 257 chars)
8922,CMA 2019 #75,2019-04-01,200,exact,exact,yes,yes,,
16446,CMA 2022 #128,2022-06-13,200,exact,prefix,yes,yes,,truncated side: ours (192 vs 193 chars)
8778,RES 2019 #74,2019-03-04,200,exact,prefix,yes,yes,,truncated side: ours (62 vs 63 chars)
27314,CMA 2025 #23,2025-02-03,200,exact,prefix,yes,yes,,truncated side: ours (170 vs 171 chars)
28926,RES 2025 #87,2025-04-14,200,exact,prefix,yes,yes,,truncated side: ours (93 vs 94 chars)
14663,RES 2021 #208,2021-09-20,200,exact,exact,yes,yes,,
11375,CMA 2020 #39,2020-02-24,200,exact,prefix,yes,yes,,truncated side: ours (424 vs 425 chars)
22420,CMA 2024 #63,2024-03-25,200,exact,prefix,yes,yes,,truncated side: ours (472 vs 473 chars)
25489,AR-24-52,2024-09-23,200,exact,prefix,yes,none,,truncated side: ours (284 vs 285 chars)
11588,POR 2020 #65,2020-03-23,200,exact,exact,yes,yes,,
9250,APP 2019 #29,2019-05-06,200,exact,prefix,yes,yes,pdf-ok,truncated side: ours (292 vs 293 chars)
8453,RES 2019 #23,2019-01-14,200,exact,prefix,yes,yes,,truncated side: ours (78 vs 79 chars)
27776,AR-25-9,2025-03-03,200,exact,prefix,yes,none,,truncated side: ours (254 vs 255 chars)
20294,RES 2023 #223,2023-08-07,200,exact,prefix,yes,yes,,truncated side: ours (106 vs 107 chars)
6604,POR 2018 #71,2018-03-19,200,exact,prefix,yes,yes,,truncated side: ours (225 vs 226 chars)
7703,AR-18-97,2018-10-01,200,exact,prefix,yes,none,,truncated side: ours (143 vs 144 chars)
26185,RES 2024 #291,2024-11-25,200,exact,prefix,yes,yes,,truncated side: ours (67 vs 68 chars)
18517,RES 2023 #76,2023-03-06,200,exact,prefix,yes,yes,,truncated side: ours (50 vs 51 chars)
16244,POR 2022 #85,2022-05-09,200,exact,prefix,yes,yes,,truncated side: ours (247 vs 248 chars)
7912,POR 2018 #268,2018-10-29,200,exact,prefix,yes,yes,,truncated side: ours (194 vs 195 chars)
20714,RES 2023 #252,2023-09-18,200,exact,exact,yes,yes,,
18485,COM 448 #2023,2023-03-06,200,exact,prefix,yes,none,,truncated side: ours (371 vs 373 chars)
14548,RES 2021 #196,2021-09-13,200,exact,prefix,yes,yes,,truncated side: ours (43 vs 44 chars)
7865,POR 2018 #251,2018-10-29,200,exact,prefix,yes,yes,,truncated side: ours (240 vs 241 chars)
10513,POR 2019 #336,2019-10-07,200,exact,exact,yes,yes,,
18065,POR 2023 #14,2023-02-06,200,exact,exact,yes,yes,,
12987,CMA 2020 #260,2020-11-16,200,exact,prefix,yes,yes,,truncated side: ours (349 vs 350 chars)
20902,ORD 2023 # 9,2023-10-16,200,unparsed,prefix,yes,yes,,truncated side: ours (484 vs 485 chars)
7985,AR-18-118,2018-11-19,200,exact,prefix,yes,none,,truncated side: ours (183 vs 184 chars)
17117,CMA 2022 #196,2022-10-17,200,exact,prefix,yes,yes,,truncated side: ours (465 vs 466 chars)
7746,RES 2018 #314,2018-10-01,200,exact,prefix,yes,yes,,truncated side: ours (40 vs 41 chars)
13530,APP 2021 #8,2021-03-15,200,exact,prefix,yes,yes,pdf-ok,truncated side: ours (350 vs 351 chars)
7967,RES 2018 #351,2018-11-05,200,exact,exact,yes,yes,,
31804,POR 2026 #4,2026-01-12,200,exact,prefix,yes,yes,,truncated side: ours (188 vs 189 chars)
14278,CMA 2021 #153,2021-06-14,200,exact,prefix,yes,yes,,truncated side: ours (257 vs 258 chars)
6485,COM 153 #2018,2018-02-26,200,exact,prefix,yes,none,,truncated side: ours (181 vs 182 chars)
7743,POR 2018 #234,2018-10-01,200,exact,exact,yes,yes,,
30222,CMA 2025 #157,2025-06-16,200,exact,prefix,yes,yes,,truncated side: ours (149 vs 150 chars)
17587,RES 2022 #319,2022-12-19,200,exact,exact,yes,yes,,
19306,CMA 2023 #129,2023-05-08,200,exact,prefix,yes,yes,pdf-ok,truncated side: ours (513 vs 514 chars)
9767,CMA 2019 #204,2019-07-30,200,exact,prefix,yes,yes,,truncated side: ours (213 vs 214 chars)
30159,RES 2025 #148,2025-06-16,200,exact,exact,yes,yes,,
29581,AR-25-32,2025-06-02,200,exact,prefix,yes,none,,truncated side: ours (259 vs 260 chars)
21940,POR 2024 #3,2024-01-22,200,exact,prefix,yes,yes,,truncated side: ours (64 vs 65 chars)
18739,POR 2023 #55,2023-03-22,200,exact,exact,yes,yes,,
8498,CMA 2019 #13,2019-01-28,200,exact,prefix,yes,yes,pdf-ok,truncated side: ours (670 vs 671 chars)
7981,RES 2018 #354,2018-11-05,200,exact,exact,yes,yes,,
11030,CMA 2019 #341,2019-12-16,200,exact,prefix,yes,yes,,truncated side: ours (294 vs 295 chars)
12556,RES 2020 #229,2020-09-14,200,exact,prefix,yes,yes,,truncated side: ours (48 vs 49 chars)
14093,APP 2021 #25,2021-05-24,200,exact,exact,yes,yes,,
30787,CMA 2025 #200,2025-08-04,200,exact,prefix,yes,yes,,truncated side: ours (515 vs 516 chars)
13944,CMA 2021 #99,2021-05-03,200,exact,prefix,yes,yes,,truncated side: ours (193 vs 194 chars)
14341,AR-21-46,2021-06-21,200,exact,prefix,yes,none,,truncated side: ours (101 vs 102 chars)
11707,RES 2020 #95,2020-04-27,200,exact,exact,yes,yes,,
6944,COM 353 #2018,2018-04-30,200,exact,prefix,yes,none,pdf-ok,truncated side: ours (126 vs 127 chars)
16756,RES 2022 #211,2022-09-12,200,exact,prefix,yes,yes,,truncated side: ours (49 vs 50 chars)
13602,CMA 2021 #41,2021-03-08,200,exact,prefix,yes,yes,,truncated side: ours (272 vs 273 chars)
19038,POR 2023 #64,2023-04-10,200,exact,prefix,yes,yes,,truncated side: ours (48 vs 49 chars)
10131,POR 2019 #288,2019-09-09,200,exact,prefix,yes,yes,,truncated side: ours (302 vs 303 chars)
12319,POR 2020 #171,2020-07-27,200,exact,prefix,yes,yes,,truncated side: ours (409 vs 410 chars)
12628,POR 2020 #205,2020-09-21,200,exact,prefix,yes,yes,,truncated side: ours (226 vs 227 chars)
18443,POR 2023 #38,2023-02-27,200,exact,prefix,yes,yes,,truncated side: ours (265 vs 266 chars)
27042,APP 2025 #3,2025-01-27,200,exact,prefix,yes,yes,,truncated side: ours (339 vs 340 chars)
8127,CMA 2018 #308,2018-12-03,200,exact,prefix,yes,yes,,truncated side: ours (321 vs 322 chars)
14718,POR 2021 #198,2021-09-27,200,exact,exact,yes,yes,,
25729,CMA 2024 #216,2024-09-30,200,exact,prefix,yes,yes,,truncated side: ours (252 vs 253 chars)
7676,CMA 2018 #234,2018-09-24,200,exact,exact,yes,yes,pdf-ok,
9962,AR-19-101,2019-09-09,200,exact,prefix,yes,none,,truncated side: ours (107 vs 108 chars)
9790,RES 2019 #247,2019-07-30,200,exact,prefix,yes,yes,,truncated side: ours (47 vs 48 chars)
8306,POR 2018 #322,2018-12-17,200,exact,prefix,yes,yes,,truncated side: ours (249 vs 250 chars)
15043,CMA 2021 #251,2021-11-22,200,exact,prefix,yes,yes,,truncated side: ours (211 vs 212 chars)
22481,RES 2024 #60,2024-04-01,200,exact,exact,yes,yes,,
29163,ARS-25-11,2025-04-14,200,exact,exact,yes,none,,
24742,POR 2024 #93,2024-06-24,200,exact,prefix,yes,yes,,truncated side: ours (173 vs 174 chars)
16124,RES 2022 #100,2022-04-25,200,exact,prefix,yes,yes,,truncated side: ours (42 vs 43 chars)
18509,POR 2023 #44,2023-03-06,200,exact,prefix,yes,yes,,truncated side: ours (278 vs 279 chars)
10750,CRT 2019 #74,2019-11-04,200,exact,exact,yes,none,,
10973,RES 2019 #415,2019-12-09,200,exact,prefix,yes,yes,,truncated side: ours (65 vs 66 chars)
24398,APP 2024 #19,2024-06-03,200,exact,prefix,yes,yes,,truncated side: ours (355 vs 356 chars)
10616,CMA 2019 #270,2019-10-21,200,exact,prefix,yes,yes,,truncated side: ours (468 vs 469 chars)
6934,RES 2018 #146,2018-04-30,200,exact,prefix,yes,yes,,truncated side: ours (120 vs 121 chars)
9885,APP 2019 #65,2019-07-30,200,exact,prefix,yes,yes,,truncated side: ours (335 vs 336 chars)
7308,RES 2018 #220,2018-06-25,200,exact,prefix,yes,yes,,truncated side: ours (174 vs 175 chars)
14082,CMA 2021 #139,2021-05-24,200,exact,prefix,yes,yes,,truncated side: ours (500 vs 501 chars)
6294,AR-18-14,2018-02-12,200,exact,prefix,yes,none,,truncated side: ours (134 vs 135 chars)
19947,CMA 2023 #181,2023-06-26,200,exact,prefix,yes,yes,,truncated side: ours (348 vs 349 chars)
13417,RES 2021 #39,2021-02-08,200,exact,exact,yes,yes,,
20171,POR 2023 #131,2023-08-07,200,exact,exact,yes,yes,,
7590,CMA 2018 #214,2018-09-17,200,exact,prefix,yes,yes,,truncated side: ours (535 vs 536 chars)
9886,APP 2019 #66,2019-07-30,200,exact,prefix,yes,yes,,truncated side: ours (325 vs 326 chars)
31358,CMA 2025 #284,2025-12-08,200,exact,prefix,yes,yes,,truncated side: ours (394 vs 395 chars)
21121,AR-23-80,2023-11-06,200,exact,prefix,yes,none,,truncated side: ours (133 vs 134 chars)
11820,POR 2020 #104,2020-05-11,200,exact,prefix,yes,yes,,truncated side: ours (267 vs 268 chars)
14543,RES 2021 #193,2021-09-13,200,exact,prefix,yes,yes,,truncated side: ours (43 vs 44 chars)
7754,RES 2018 #316,2018-10-15,200,exact,prefix,yes,yes,,truncated side: ours (87 vs 88 chars)
9012,POR 2019 #137,2019-04-08,200,exact,prefix,yes,yes,,truncated side: ours (301 vs 302 chars)
12967,AR-20-58,2020-11-09,200,exact,prefix,yes,none,,truncated side: ours (209 vs 210 chars)
25494,AR-24-53,2024-09-23,200,exact,prefix,yes,none,,truncated side: ours (260 vs 261 chars)
11935,POR 2020 #127,2020-06-08,200,exact,exact,yes,yes,,
22556,APP 2024 #14,2024-04-08,200,exact,prefix,yes,yes,pdf-ok,truncated side: ours (126 vs 127 chars)
14945,POR 2021 #240,2021-11-01,200,exact,prefix,yes,yes,,truncated side: ours (101 vs 102 chars)
29468,CMA 2025 #123,2025-05-19,200,exact,prefix,yes,yes,,truncated side: ours (340 vs 341 chars)
21958,RES 2024 #64,2024-04-08,200,exact,prefix,yes,yes,,truncated side: ours (83 vs 84 chars)
12072,CMA 2020 #134,2020-06-22,200,exact,prefix,yes,yes,,truncated side: ours (97 vs 98 chars)
25021,AR-24-42,2024-09-09,200,exact,prefix,yes,none,,truncated side: ours (214 vs 215 chars)
15355,CMA 2022 #1,2022-01-10,200,exact,prefix,yes,yes,,truncated side: ours (97 vs 98 chars)
11631,POR 2020 #79,2020-04-13,200,exact,prefix,yes,yes,,truncated side: ours (253 vs 254 chars)
6850,RES 2018 #130,2018-04-23,200,exact,prefix,yes,yes,,truncated side: ours (52 vs 53 chars)
19572,RES 2023 #157,2023-05-22,200,exact,exact,yes,yes,,
12022,CMA 2020 #126,2020-06-15,200,exact,prefix,yes,yes,,truncated side: ours (209 vs 210 chars)
14073,COM 261 #2021,2021-05-17,200,exact,prefix,yes,none,pdf-ok,truncated side: ours (71 vs 72 chars)
10514,RES 2019 #338,2019-10-07,200,exact,prefix,yes,yes,,truncated side: ours (45 vs 46 chars)
16115,CMA 2022 #84,2022-04-25,200,exact,prefix,yes,yes,,truncated side: ours (169 vs 170 chars)
6698,RES 2018 #106,2018-04-02,200,exact,prefix,yes,yes,,truncated side: ours (47 vs 48 chars)
15748,RES 2022 #46,2022-02-28,200,exact,prefix,yes,yes,,truncated side: ours (45 vs 46 chars)
14457,RES 2021 #176,2021-08-02,200,exact,prefix,yes,yes,,truncated side: ours (159 vs 160 chars)
16811,APP 2022 #41,2022-09-12,200,exact,prefix,yes,yes,,truncated side: ours (300 vs 301 chars)
24235,AR-24-23,2024-05-20,200,exact,prefix,yes,none,,truncated side: ours (649 vs 650 chars)
9606,CMA 2019 #191,2019-06-24,200,exact,prefix,yes,yes,,truncated side: ours (170 vs 171 chars)
23427,RES 2024 #90,2024-04-29,200,exact,prefix,no,yes,,truncated side: ours (45 vs 46 chars)
25058,ARS-24-18,2024-09-09,200,exact,exact,yes,none,,
12671,CMA 2020 #212,2020-10-05,200,exact,prefix,yes,yes,,truncated side: ours (246 vs 247 chars)
6497,CMA 2018 #56,2018-02-12,200,exact,prefix,yes,yes,,truncated side: ours (298 vs 299 chars)
22154,RES 2024 #26,2024-02-12,200,exact,prefix,yes,yes,,truncated side: ours (97 vs 98 chars)
15463,RES 2022 #18,2022-01-24,200,exact,prefix,yes,yes,,truncated side: ours (37 vs 38 chars)
15737,POR 2022 #34,2022-02-28,200,exact,exact,yes,yes,,
17837,APP 2023 #3,2023-01-09,200,exact,exact,yes,yes,,
15160,CMA 2021 #270,2021-12-06,200,exact,prefix,yes,yes,,truncated side: ours (429 vs 430 chars)
7473,RES 2018 #249,2018-07-30,200,exact,prefix,yes,yes,,truncated side: ours (44 vs 45 chars)
29400,RES 2025 #122,2025-05-12,200,exact,exact,yes,yes,,
31069,POR 2025 #140,2025-10-06,200,exact,prefix,yes,yes,,truncated side: ours (261 vs 262 chars)
18234,POR 2023 #29,2023-02-13,200,exact,prefix,yes,yes,,truncated side: ours (304 vs 305 chars)
13221,RES 2020 #304,2020-12-14,200,exact,exact,yes,yes,,
15291,AR-21-99,2021-12-20,200,exact,prefix,yes,none,,truncated side: ours (193 vs 194 chars)
6346,RES 2018 #39,2018-02-12,200,exact,prefix,yes,yes,,truncated side: ours (42 vs 43 chars)
7617,RES 2018 #283,2018-09-17,200,exact,prefix,yes,yes,,truncated side: ours (50 vs 51 chars)
10384,CMA 2019 #254,2019-09-23,200,exact,prefix,yes,yes,,truncated side: ours (185 vs 186 chars)
6569,RES 2018 #81,2018-03-05,200,exact,prefix,yes,yes,,truncated side: ours (45 vs 46 chars)
7932,AR-18-117,2018-11-05,200,exact,prefix,yes,none,,truncated side: ours (227 vs 228 chars)
12466,RES 2020 #208,2020-09-14,200,exact,prefix,yes,yes,,truncated side: ours (58 vs 59 chars)
20043,RES 2023 #187,2023-06-26,200,exact,prefix,yes,yes,,truncated side: ours (48 vs 49 chars)
10282,CMA 2019 #242,2019-09-16,200,exact,prefix,yes,yes,,truncated side: ours (417 vs 418 chars)
30859,RES 2025 #195,2025-09-08,200,exact,prefix,yes,yes,,truncated side: ours (103 vs 104 chars)
14105,POR 2021 #113,2021-05-24,200,exact,exact,yes,yes,,
9991,CMA 2019 #228,2019-09-09,200,exact,prefix,yes,yes,,truncated side: ours (562 vs 563 chars)
30909,RES 2025 #201,2025-09-08,200,exact,prefix,yes,yes,,truncated side: ours (127 vs 128 chars)
22162,POR 2024 #19,2024-02-12,200,exact,exact,yes,yes,,
6223,APP 2018 #2,2018-01-29,200,exact,prefix,yes,yes,,truncated side: ours (357 vs 358 chars)
6143,POR 2018 #9,2018-01-22,200,exact,prefix,yes,yes,,truncated side: ours (57 vs 58 chars)
11047,CMA 2019 #337,2019-12-16,200,exact,prefix,yes,yes,,truncated side: ours (231 vs 232 chars)
29291,CMA 2025 #103,2025-04-28,200,exact,prefix,yes,yes,,truncated side: ours (116 vs 117 chars)
12005,POR 2020 #135,2020-06-10,200,exact,exact,yes,yes,,
8876,CMA 2019 #57,2019-03-25,200,exact,prefix,yes,yes,,truncated side: ours (159 vs 160 chars)
10608,POR 2019 #344,2019-10-21,200,exact,prefix,yes,yes,,truncated side: ours (157 vs 158 chars)
7802,RES 2018 #330,2018-10-15,200,exact,prefix,yes,yes,,truncated side: ours (58 vs 59 chars)
16247,CMA 2022 #103,2022-05-09,200,exact,prefix,yes,yes,,truncated side: ours (302 vs 303 chars)
24244,RES 2024 #112,2024-05-20,200,exact,prefix,yes,yes,,truncated side: ours (55 vs 56 chars)
11729,RES 2020 #109,2020-04-27,200,exact,exact,yes,yes,,
12687,APP 2020 #37,2020-10-05,200,exact,prefix,yes,yes,,truncated side: ours (329 vs 330 chars)
7770,CMA 2018 #239,2018-10-15,200,exact,prefix,yes,yes,,truncated side: ours (349 vs 350 chars)
6243,POR 2018 #24,2018-02-05,200,exact,prefix,yes,yes,,truncated side: ours (319 vs 320 chars)
15375,RES 2022 #3,2022-01-10,200,exact,prefix,yes,yes,,truncated side: ours (198 vs 199 chars)
25714,RES 2024 #228,2024-09-30,200,exact,prefix,yes,yes,,truncated side: ours (43 vs 44 chars)
15170,CMA 2021 #262,2021-12-06,200,exact,prefix,yes,yes,,truncated side: ours (321 vs 322 chars)
10277,CMA 2019 #243,2019-09-16,200,exact,prefix,yes,yes,,truncated side: ours (212 vs 213 chars)
15912,RES 2022 #62,2022-03-21,200,exact,prefix,yes,yes,,truncated side: ours (104 vs 105 chars)
6844,CMA 2018 #89,2018-04-23,200,exact,prefix,yes,yes,,truncated side: ours (228 vs 229 chars)
11235,RES 2020 #32,2020-01-27,200,exact,exact,yes,yes,,
21107,RES 2023 #293,2023-10-30,200,exact,exact,yes,yes,,
14592,CMA 2021 #186,2021-09-13,200,exact,prefix,yes,yes,,truncated side: ours (97 vs 98 chars)
27762,CMA 2025 #30,2025-03-03,200,exact,prefix,yes,yes,,truncated side: ours (269 vs 270 chars)
31295,CMA 2025 #275,2025-11-17,200,exact,prefix,yes,yes,,truncated side: ours (535 vs 536 chars)
11706,POR 2020 #90,2020-04-27,200,exact,exact,yes,yes,,
10982,RES 2019 #424,2019-12-09,200,exact,prefix,yes,yes,,truncated side: ours (53 vs 54 chars)
11837,RES 2020 #124,2020-05-11,200,exact,exact,yes,yes,,
13988,AR-21-32,2021-05-10,200,exact,prefix,yes,none,,truncated side: ours (119 vs 120 chars)
9659,POR 2019 #225,2019-06-24,200,exact,prefix,yes,yes,,truncated side: ours (190 vs 191 chars)
10931,RES 2019 #397,2019-12-09,200,exact,prefix,yes,yes,,truncated side: ours (59 vs 60 chars)
13451,COF 2021 #9,2021-02-08,200,exact,exact,yes,yes,,
7528,AR-18-88,2018-09-17,200,exact,prefix,yes,none,,truncated side: ours (175 vs 176 chars)
31199,POR 2025 #156,2025-10-27,200,exact,prefix,yes,yes,,truncated side: ours (152 vs 153 chars)
24476,RES 2024 #144,2024-06-17,200,exact,prefix,yes,yes,,truncated side: ours (75 vs 76 chars)
11957,CMA 2020 #122,2020-06-08,200,exact,prefix,yes,yes,,truncated side: ours (539 vs 540 chars)
31364,POR 2025 #162,2025-12-08,200,exact,prefix,yes,yes,,truncated side: ours (313 vs 314 chars)
20811,RES 2023 #273,2023-10-16,200,exact,prefix,yes,yes,,truncated side: ours (55 vs 56 chars)
31125,RES 2025 #241,2025-10-27,200,exact,prefix,yes,yes,,truncated side: ours (40 vs 41 chars)
31300,RES 2025 #250,2025-11-17,200,exact,exact,yes,yes,,
15364,RES 2022 #2,2022-01-10,200,exact,prefix,yes,yes,,truncated side: ours (95 vs 96 chars)
14038,RES 2021 #127,2021-05-17,200,exact,prefix,yes,yes,,truncated side: ours (47 vs 48 chars)
16483,RES 2022 #143,2022-06-13,200,exact,prefix,yes,yes,,truncated side: ours (86 vs 87 chars)
24318,POR 2024 #68,2024-06-03,200,exact,prefix,yes,yes,,truncated side: ours (258 vs 259 chars)
9289,CMA 2019 #136,2019-05-13,200,exact,prefix,yes,yes,,truncated side: ours (166 vs 167 chars)
21888,CMA 2024 #4,2024-01-08,200,exact,prefix,yes,yes,,truncated side: ours (123 vs 124 chars)
11122,RES 2020 #4,2020-01-13,200,exact,exact,yes,yes,,
30757,CMA 2025 #188,2025-07-21,200,exact,prefix,yes,yes,,truncated side: ours (482 vs 483 chars)
8446,AR-19-1,2019-01-14,200,exact,prefix,yes,none,,truncated side: ours (174 vs 175 chars)
8510,RES 2019 #36,2019-01-28,200,exact,prefix,yes,yes,,truncated side: ours (45 vs 46 chars)
29491,CMA 2025 #122,2025-05-19,200,exact,prefix,yes,yes,,truncated side: ours (126 vs 127 chars)
6255,APP 2018 #7,2018-02-05,200,exact,prefix,yes,yes,pdf-ok,truncated side: ours (270 vs 271 chars)
8029,CMA 2018 #294,2018-11-19,200,exact,prefix,yes,yes,,truncated side: ours (225 vs 226 chars)
18304,AR-23-10,2023-02-13,200,exact,prefix,yes,none,,truncated side: ours (172 vs 173 chars)
16343,POR 2022 #103,2022-05-23,200,exact,exact,yes,yes,,
14427,AR-21-53,2021-08-02,200,exact,prefix,yes,none,,truncated side: ours (87 vs 88 chars)
17871,RES 2023 #25,2023-01-23,200,exact,prefix,yes,yes,,truncated side: ours (47 vs 48 chars)
17001,CMA 2022 #186,2022-10-03,200,exact,prefix,yes,yes,,truncated side: ours (98 vs 99 chars)
22432,CMA 2024 #58,2024-03-25,200,exact,prefix,yes,yes,,truncated side: ours (107 vs 108 chars)
11872,CMA 2020 #105,2020-05-18,200,exact,exact,yes,yes,pdf-ok,
6987,RES 2018 #155,2018-05-07,200,exact,prefix,yes,yes,,truncated side: ours (41 vs 42 chars)
14977,RES 2021 #272,2021-11-08,200,exact,prefix,yes,yes,,truncated side: ours (207 vs 208 chars)
24306,POR 2024 #81,2024-06-17,200,exact,prefix,yes,yes,,truncated side: ours (130 vs 131 chars)
19010,CMA 2023 #95,2023-04-10,200,exact,prefix,yes,yes,,truncated side: ours (170 vs 171 chars)
19185,CMA 2023 #118,2023-05-01,200,exact,prefix,yes,yes,,truncated side: ours (290 vs 291 chars)
9766,CMA 2019 #214,2019-07-30,200,exact,prefix,yes,yes,,truncated side: ours (224 vs 225 chars)
13948,RES 2021 #108,2021-05-03,200,exact,prefix,yes,yes,,truncated side: ours (136 vs 137 chars)
7977,APP 2018 #345,2018-11-05,200,exact,prefix,yes,yes,,truncated side: ours (262 vs 263 chars)
14968,CMA 2021 #241,2021-11-15,200,exact,prefix,yes,yes,,truncated side: ours (235 vs 236 chars)
12200,AR-20-32,2020-07-27,200,exact,prefix,yes,none,,truncated side: ours (142 vs 143 chars)
7064,CMA 2018 #116,2018-05-21,200,exact,prefix,yes,yes,,truncated side: ours (203 vs 204 chars)
14848,RES 2021 #253,2021-10-18,200,exact,prefix,yes,yes,,truncated side: ours (42 vs 43 chars)
8401,COM 33 #2019,2019-01-07,200,exact,prefix,yes,none,,truncated side: ours (54 vs 55 chars)
16644,RES 2022 #194,2022-08-01,200,exact,prefix,yes,yes,,truncated side: ours (45 vs 46 chars)
30165,RES 2025 #161,2025-06-30,200,exact,prefix,yes,yes,,truncated side: ours (85 vs 86 chars)
17257,APP 2022 #52,2022-10-31,200,exact,exact,yes,yes,,
15943,APP 2022 #13,2022-03-21,200,exact,prefix,yes,yes,,truncated side: ours (358 vs 359 chars)
20960,POR 2023 #190,2023-10-30,200,exact,prefix,yes,yes,,truncated side: ours (43 vs 44 chars)
27121,RES 2025 #24,2025-01-27,200,exact,prefix,yes,yes,,truncated side: ours (42 vs 43 chars)
9528,RES 2019 #194,2019-06-17,200,exact,prefix,yes,yes,,truncated side: ours (42 vs 43 chars)
8952,POR 2019 #122,2019-04-01,200,exact,prefix,yes,yes,,truncated side: ours (121 vs 122 chars)
30136,RES 2025 #147,2025-06-09,200,exact,prefix,yes,yes,,truncated side: ours (141 vs 142 chars)
9742,CMA 2019 #207,2019-07-30,200,exact,prefix,yes,yes,,truncated side: ours (1278 vs 1279 chars)
11481,POR 2020 #48,2020-03-02,200,exact,prefix,yes,yes,,truncated side: ours (242 vs 243 chars)
9992,CMA 2019 #226,2019-09-09,200,exact,exact,yes,yes,,
11269,AR-20-6,2020-02-03,200,exact,prefix,yes,none,,truncated side: ours (128 vs 129 chars)
25059,CMA 2024 #196,2024-09-09,200,exact,prefix,yes,yes,pdf-ok,truncated side: ours (158 vs 159 chars)
6249,AR-18-11,2018-02-05,200,exact,prefix,yes,none,,truncated side: ours (157 vs 158 chars)
10860,POR 2019 #376,2019-11-25,200,exact,prefix,yes,yes,,truncated side: ours (159 vs 160 chars)
21193,POR 2023 #209,2023-11-20,200,exact,exact,yes,yes,,
7938,POR 2018 #271,2018-11-05,200,exact,prefix,yes,yes,,truncated side: ours (250 vs 251 chars)
7176,RES 2018 #187,2018-06-04,200,exact,exact,yes,yes,,
16650,CMA 2022 #165,2022-08-01,200,exact,prefix,yes,yes,,truncated side: ours (147 vs 148 chars)
10283,CMA 2019 #244,2019-09-16,200,exact,prefix,yes,yes,,truncated side: ours (147 vs 148 chars)
16404,POR 2022 #114,2022-06-06,200,exact,exact,yes,yes,,
16661,APP 2022 #38,2022-08-01,200,exact,prefix,yes,yes,pdf-ok,truncated side: ours (331 vs 332 chars)
20584,CMA 2023 #241,2023-09-18,200,exact,exact,yes,yes,pdf-ok,
16670,RES 2022 #202,2022-08-01,200,exact,exact,yes,yes,,
25921,POR 2024 #141,2024-10-21,200,exact,prefix,yes,yes,,truncated side: ours (329 vs 330 chars)
9906,RES 2019 #273,2019-07-30,200,exact,prefix,yes,yes,,truncated side: ours (46 vs 47 chars)
8675,RES 2019 #61,2019-02-25,200,exact,prefix,yes,yes,,truncated side: ours (49 vs 50 chars)
8819,CMA 2019 #54,2019-03-18,200,exact,prefix,yes,yes,,truncated side: ours (240 vs 241 chars)
17920,RES 2023 #95,2023-04-10,200,exact,prefix,yes,yes,,truncated side: ours (53 vs 54 chars)
9560,APP 2019 #51,2019-06-17,200,exact,prefix,yes,yes,,truncated side: ours (151 vs 152 chars)
10662,RES 2019 #350,2019-10-21,200,exact,prefix,yes,yes,,truncated side: ours (42 vs 43 chars)
22485,APP 2024 #13,2024-04-01,200,exact,prefix,yes,yes,,truncated side: ours (193 vs 194 chars)
26762,RES 2025 #4,2025-01-06,200,exact,prefix,yes,yes,,truncated side: ours (44 vs 45 chars)
7177,RES 2018 #188,2018-06-04,200,exact,prefix,yes,yes,,truncated side: ours (39 vs 40 chars)
11251,POR 2020 #18,2020-02-03,200,exact,prefix,yes,yes,,truncated side: ours (172 vs 173 chars)
8104,AR-18-123,2018-11-26,200,exact,prefix,yes,none,,truncated side: ours (59 vs 60 chars)
25044,CMA 2024 #190,2024-09-09,200,exact,prefix,yes,yes,,truncated side: ours (262 vs 263 chars)
16655,APP 2022 #34,2022-08-01,200,exact,prefix,yes,yes,,truncated side: ours (338 vs 339 chars)
11310,CMA 2020 #31,2020-02-10,200,exact,prefix,yes,yes,,truncated side: ours (380 vs 381 chars)
9650,APP 2019 #53,2019-06-24,200,exact,prefix,yes,yes,,truncated side: ours (264 vs 265 chars)
7380,COM 520 #2018,2018-06-25,200,exact,prefix,yes,none,,truncated side: ours (226 vs 227 chars)
17255,CMA 2022 #208,2022-10-31,200,exact,prefix,yes,yes,,truncated side: ours (560 vs 561 chars)
14255,RES 2021 #160,2021-06-14,200,exact,prefix,yes,yes,,truncated side: ours (44 vs 45 chars)
6570,RES 2018 #82,2018-03-05,200,exact,prefix,yes,yes,,truncated side: ours (41 vs 42 chars)
21116,CMA 2023 #269,2023-11-06,200,exact,prefix,yes,yes,,truncated side: ours (398 vs 399 chars)
22376,POR 2024 #41,2024-03-18,200,exact,exact,yes,yes,,
31304,APP 2025 #41,2025-11-24,200,exact,prefix,yes,yes,,truncated side: ours (284 vs 285 chars)
6832,CMA 2018 #94,2018-04-30,200,exact,prefix,yes,yes,,truncated side: ours (263 vs 264 chars)
30507,CMA 2025 #166,2025-06-23,200,exact,prefix,yes,yes,,truncated side: ours (281 vs 282 chars)
16473,CMA 2022 #134,2022-06-13,200,exact,prefix,yes,yes,,truncated side: ours (385 vs 386 chars)
24677,RES 2024 #173,2024-06-24,200,exact,exact,yes,yes,,
31127,RES 2025 #239,2025-10-27,200,exact,prefix,yes,yes,,truncated side: ours (55 vs 56 chars)
10735,RES 2019 #367,2019-11-04,200,exact,exact,yes,yes,,
26971,RES 2025 #70,2025-03-31,200,exact,prefix,yes,yes,,truncated side: ours (74 vs 75 chars)
8368,CMA 2019 #3,2019-01-07,200,exact,prefix,yes,yes,,truncated side: ours (283 vs 284 chars)
9445,APP 2019 #46,2019-06-03,200,exact,prefix,yes,yes,,truncated side: ours (259 vs 260 chars)
6836,RES 2018 #125,2018-04-23,200,exact,prefix,yes,yes,,truncated side: ours (95 vs 96 chars)
10941,CMA 2019 #313,2019-12-09,200,exact,prefix,yes,yes,,truncated side: ours (615 vs 616 chars)
10978,RES 2019 #420,2019-12-09,200,exact,prefix,yes,yes,,truncated side: ours (62 vs 63 chars)
17020,POR 2022 #264,2022-10-03,200,exact,prefix,yes,yes,,truncated side: ours (243 vs 244 chars)
7826,RES 2018 #335,2018-10-29,200,exact,prefix,yes,yes,,truncated side: ours (42 vs 43 chars)
27835,CMA 2025 #35,2025-03-17,200,exact,prefix,yes,yes,,truncated side: ours (107 vs 108 chars)
16139,RES 2022 #101,2022-04-25,200,exact,exact,yes,yes,,
28068,ORD 2025 # 8,2025-03-24,200,unparsed,prefix,yes,yes,,truncated side: ours (169 vs 170 chars)
24891,CMA 2024 #163,2024-08-05,200,exact,prefix,yes,yes,,truncated side: ours (464 vs 465 chars)
7389,COM 528 #2018,2018-06-25,200,exact,prefix,yes,none,pdf-ok,truncated side: ours (152 vs 153 chars)
11733,RES 2020 #111,2020-04-27,200,exact,prefix,yes,yes,,truncated side: ours (42 vs 43 chars)
7910,POR 2018 #266,2018-10-29,200,exact,prefix,yes,yes,,truncated side: ours (215 vs 216 chars)
12983,CMA 2020 #264,2020-11-16,200,exact,prefix,yes,yes,,truncated side: ours (400 vs 401 chars)
12098,POR 2020 #151,2020-06-22,200,exact,exact,yes,yes,,
11346,AR-20-9,2020-02-10,200,exact,prefix,yes,none,,truncated side: ours (246 vs 247 chars)
16898,POR 2022 #172,2022-09-19,200,exact,prefix,yes,yes,,truncated side: ours (171 vs 172 chars)
20722,RES 2023 #258,2023-09-18,200,exact,exact,yes,yes,,
12893,POR 2020 #248,2020-11-02,200,exact,exact,yes,yes,,
31825,RES 2026 #1,2026-01-12,200,exact,prefix,yes,yes,,truncated side: ours (39 vs 40 chars)
28205,CMA 2025 #68,2025-03-31,200,exact,prefix,yes,yes,,truncated side: ours (213 vs 214 chars)
15784,RES 2022 #47,2022-02-28,200,exact,exact,yes,yes,,
14535,AR-21-54,2021-09-13,200,exact,prefix,yes,none,,truncated side: ours (106 vs 107 chars)
10805,AR-19-153,2019-11-18,200,exact,prefix,yes,none,,truncated side: ours (102 vs 103 chars)
14502,POR 2021 #171,2021-08-02,200,exact,exact,yes,yes,,
12892,POR 2020 #247,2020-11-02,200,exact,exact,yes,yes,,
24452,RES 2024 #136,2024-06-10,200,exact,prefix,yes,yes,,truncated side: ours (88 vs 89 chars)
13497,RES 2021 #47,2021-02-22,200,exact,exact,yes,yes,,
7151,POR 2018 #149,2018-06-04,200,exact,exact,yes,yes,,
20280,CMA 2023 #213,2023-08-07,200,exact,prefix,yes,yes,,truncated side: ours (225 vs 226 chars)
19039,POR 2023 #65,2023-04-10,200,exact,prefix,yes,yes,,truncated side: ours (144 vs 145 chars)
8145,POR 2018 #298,2018-12-03,200,exact,exact,yes,yes,,
24663,RES 2024 #159,2024-06-24,200,exact,prefix,yes,yes,,truncated side: ours (111 vs 112 chars)
16742,AR-22-51,2022-09-12,200,exact,prefix,yes,none,,truncated side: ours (49 vs 50 chars)
7632,RES 2018 #291,2018-09-17,200,exact,prefix,yes,yes,,truncated side: ours (69 vs 70 chars)
7366,AR-18-62,2018-06-25,200,exact,prefix,yes,none,,truncated side: ours (140 vs 141 chars)
10659,APP 2019 #82,2019-10-21,200,exact,prefix,yes,yes,,truncated side: ours (231 vs 232 chars)
31351,CMA 2025 #286,2025-12-08,200,exact,prefix,yes,yes,,truncated side: ours (202 vs 203 chars)
15292,RES 2021 #310,2021-12-20,200,exact,prefix,yes,yes,,truncated side: ours (257 vs 258 chars)
24440,CMA 2024 #121,2024-06-10,200,exact,prefix,yes,yes,,truncated side: ours (329 vs 330 chars)
11968,POR 2020 #132,2020-06-08,200,exact,exact,yes,yes,,
18422,APP 2023 #9,2023-02-27,200,exact,prefix,yes,yes,,truncated side: ours (193 vs 194 chars)
12274,RES 2020 #182,2020-07-27,200,exact,exact,yes,yes,,
7624,RES 2018 #287,2018-09-17,200,exact,prefix,yes,yes,,truncated side: ours (93 vs 94 chars)
7250,CMA 2018 #152,2018-06-18,200,exact,prefix,yes,yes,,truncated side: ours (617 vs 618 chars)
22363,CMA 2024 #46,2024-03-18,200,exact,prefix,yes,yes,,truncated side: ours (418 vs 419 chars)
13916,RES 2021 #105,2021-05-03,200,exact,exact,yes,yes,,
15496,CMA 2022 #10,2022-01-31,200,exact,exact,yes,yes,pdf-ok,
16614,RES 2022 #186,2022-08-01,200,exact,prefix,yes,yes,,truncated side: ours (59 vs 60 chars)
12290,CMA 2020 #153,2020-07-27,200,exact,prefix,yes,yes,,truncated side: ours (384 vs 385 chars)
15931,POR 2022 #45,2022-03-21,200,exact,prefix,yes,yes,,truncated side: ours (191 vs 192 chars)
10333,POR 2019 #301,2019-09-16,200,exact,prefix,yes,yes,,truncated side: ours (246 vs 247 chars)
12305,POR 2020 #169,2020-07-27,200,exact,prefix,yes,yes,,truncated side: ours (455 vs 456 chars)
13032,CMA 2020 #267,2020-11-23,200,exact,prefix,yes,yes,,truncated side: ours (479 vs 480 chars)
15089,CMA 2021 #257,2021-11-22,200,exact,prefix,yes,yes,,truncated side: ours (557 vs 558 chars)
18444,COM 422 #2023,2023-02-27,200,exact,prefix,yes,none,,truncated side: ours (340 vs 341 chars)
15896,CMA 2022 #53,2022-03-21,200,exact,prefix,yes,yes,,truncated side: ours (233 vs 234 chars)
14976,RES 2021 #271,2021-11-08,200,exact,prefix,yes,yes,,truncated side: ours (64 vs 65 chars)
9902,APP 2019 #69,2020-06-29,200,exact,prefix,yes,yes,,truncated side: ours (264 vs 265 chars)
11368,RES 2020 #49,2020-02-24,200,exact,prefix,yes,yes,,truncated side: ours (100 vs 101 chars)
14102,RES 2021 #132,2021-05-24,200,exact,exact,yes,yes,,
10741,AR-19-150,2019-11-04,200,exact,prefix,yes,none,,truncated side: ours (88 vs 89 chars)
6332,POR 2018 #36,2018-02-12,200,exact,prefix,yes,yes,,truncated side: ours (405 vs 406 chars)
11576,RES 2020 #84,2020-03-23,200,exact,prefix,yes,yes,,truncated side: ours (108 vs 109 chars)
12502,CMA 2020 #192,2020-09-14,200,exact,prefix,yes,yes,,truncated side: ours (575 vs 576 chars)
19563,CMA 2023 #142,2023-05-22,200,exact,prefix,yes,yes,,truncated side: ours (243 vs 244 chars)
8941,POR 2019 #117,2019-04-01,200,exact,prefix,yes,yes,,truncated side: ours (235 vs 236 chars)
12163,POR 2020 #164,2020-06-29,200,exact,exact,yes,yes,,
17331,CMA 2022 #217,2022-11-07,200,exact,prefix,yes,yes,,truncated side: ours (477 vs 478 chars)
11008,RES 2019 #436,2019-12-16,200,exact,prefix,yes,yes,,truncated side: ours (59 vs 60 chars)
19105,POR 2023 #71,2023-04-24,200,exact,prefix,yes,yes,,truncated side: ours (269 vs 270 chars)
22146,CMA 2024 #15,2024-02-12,200,exact,prefix,yes,yes,,truncated side: ours (491 vs 492 chars)
10429,RES 2019 #313,2019-09-23,200,exact,prefix,yes,yes,,truncated side: ours (141 vs 142 chars)
21737,CMA 2023 #303,2023-12-18,200,exact,prefix,yes,yes,,truncated side: ours (222 vs 223 chars)
15597,COM 125 #2022,2022-02-07,200,exact,prefix,yes,none,,truncated side: ours (72 vs 73 chars)
6474,COM 143 #2018,2018-02-26,200,exact,prefix,yes,none,pdf-ok,truncated side: ours (101 vs 102 chars)
10587,POR 2019 #343,2019-10-21,200,exact,prefix,yes,yes,,truncated side: ours (382 vs 383 chars)
31071,RES 2025 #219,2025-10-06,200,exact,prefix,yes,yes,,truncated side: ours (48 vs 49 chars)
30938,CMA 2025 #227,2025-09-15,200,exact,prefix,yes,yes,,truncated side: ours (433 vs 434 chars)
10950,CMA 2019 #326,2019-12-09,200,exact,prefix,yes,yes,pdf-ok,truncated side: ours (170 vs 171 chars)
7824,POR 2018 #245,2018-10-29,200,exact,prefix,yes,yes,,truncated side: ours (161 vs 162 chars)
7375,POR 2018 #183,2018-06-25,200,exact,prefix,yes,yes,,truncated side: ours (241 vs 242 chars)
16786,CMA 2022 #179,2022-09-12,200,exact,prefix,yes,yes,,truncated side: ours (178 vs 179 chars)
7002,COM 375 #2018,2018-05-07,200,exact,prefix,yes,none,,truncated side: ours (114 vs 115 chars)
13243,CMA 2020 #298,2020-12-21,200,exact,prefix,yes,yes,,truncated side: ours (735 vs 736 chars)
29726,ARS-25-16,2025-06-02,200,exact,exact,yes,none,pdf-ok,
16557,RES 2022 #158,2022-06-27,200,exact,prefix,yes,yes,,truncated side: ours (121 vs 122 chars)
11548,POR 2020 #52,2020-03-16,200,exact,prefix,yes,yes,,truncated side: ours (215 vs 216 chars)
8908,CMA 2019 #80,2019-04-01,200,exact,prefix,yes,yes,,truncated side: ours (175 vs 176 chars)
11284,RES 2020 #40,2020-02-03,200,exact,prefix,yes,yes,,truncated side: ours (40 vs 41 chars)
14559,RES 2021 #201,2021-09-13,200,exact,prefix,yes,yes,,truncated side: ours (46 vs 47 chars)
14386,CMA 2021 #175,2021-06-28,200,exact,prefix,yes,yes,,truncated side: ours (216 vs 217 chars)
29830,RES 2025 #145,2025-06-09,200,exact,prefix,yes,yes,,truncated side: ours (57 vs 58 chars)
14091,APP 2021 #24,2021-05-24,200,exact,exact,yes,yes,,
8137,CMA 2018 #315,2018-12-03,200,exact,prefix,yes,yes,pdf-ok,truncated side: ours (220 vs 221 chars)
21974,AR-24-2,2024-01-29,200,exact,prefix,yes,none,,truncated side: ours (216 vs 217 chars)
24523,RES 2024 #145,2024-06-17,200,exact,prefix,yes,yes,,truncated side: ours (78 vs 79 chars)
18445,CMA 2023 #65,2023-02-27,200,exact,prefix,yes,yes,,truncated side: ours (299 vs 300 chars)
14765,RES 2021 #233,2021-10-04,200,exact,exact,yes,yes,,
31014,CMA 2025 #238,2025-09-29,200,exact,prefix,yes,yes,pdf-ok,truncated side: ours (124 vs 125 chars)
31324,CMA 2025 #281,2025-11-24,200,exact,prefix,yes,yes,,truncated side: ours (153 vs 154 chars)
21981,POR 2024 #10,2024-01-29,200,exact,exact,yes,yes,,
7453,CMA 2018 #236,2018-10-15,200,exact,prefix,yes,yes,,truncated side: ours (627 vs 628 chars)
6667,AR-18-34,2018-03-26,200,exact,prefix,yes,none,,truncated side: ours (251 vs 252 chars)
14104,APP 2021 #26,2021-05-24,200,exact,exact,yes,yes,,
19795,RES 2023 #181,2023-06-26,200,exact,prefix,yes,yes,,truncated side: ours (85 vs 86 chars)
12476,POR 2020 #198,2020-09-14,200,exact,prefix,yes,yes,pdf-ok,truncated side: ours (110 vs 111 chars)
20517,RES 2023 #232,2023-09-11,200,exact,prefix,yes,yes,,truncated side: ours (49 vs 50 chars)
29498,RES 2025 #134,2025-05-19,200,exact,exact,yes,yes,,
12067,CMA 2020 #137,2020-06-22,200,exact,prefix,yes,yes,,truncated side: ours (492 vs 493 chars)
10669,POR 2019 #353,2019-10-28,200,exact,prefix,yes,yes,,truncated side: ours (232 vs 233 chars)
10822,CMA 2019 #299,2019-11-18,200,exact,prefix,yes,yes,,truncated side: ours (175 vs 176 chars)
20463,RES 2023 #228,2023-09-11,200,exact,prefix,yes,yes,,truncated side: ours (44 vs 45 chars)
26067,RES 2024 #267,2024-11-04,200,exact,prefix,yes,yes,,truncated side: ours (95 vs 96 chars)
13631,POR 2021 #45,2021-03-15,200,exact,exact,yes,yes,,
14015,CMA 2021 #121,2021-05-17,200,exact,prefix,yes,yes,,truncated side: ours (163 vs 164 chars)
13240,AR-20-72,2020-12-21,200,exact,prefix,yes,none,,truncated side: ours (234 vs 235 chars)
29492,CMA 2025 #119,2025-05-19,200,exact,prefix,yes,yes,,truncated side: ours (88 vs 89 chars)
16771,RES 2022 #217,2022-09-12,200,exact,prefix,yes,yes,,truncated side: ours (42 vs 43 chars)
29792,POR 2025 #82,2025-06-02,200,exact,prefix,yes,yes,pdf-ok,truncated side: ours (203 vs 204 chars)
16797,CMA 2022 #173,2022-09-12,200,exact,prefix,yes,yes,pdf-ok,truncated side: ours (171 vs 172 chars)
16384,CMA 2022 #122,2022-06-06,200,exact,prefix,yes,yes,,truncated side: ours (188 vs 189 chars)
8016,APP 2018 #347,2018-11-19,200,exact,prefix,yes,yes,,truncated side: ours (242 vs 243 chars)
17514,RES 2023 #92,2023-04-10,200,exact,prefix,yes,yes,,truncated side: ours (108 vs 109 chars)
9461,RES 2019 #186,2019-06-03,200,exact,exact,yes,yes,,
27462,APP 2025 #9,2025-03-03,200,exact,prefix,yes,yes,,truncated side: ours (265 vs 266 chars)
8482,COM 53 #2019,2019-01-14,200,exact,prefix,yes,none,,truncated side: ours (79 vs 80 chars)
30936,CMA 2025 #231,2025-09-15,200,exact,prefix,yes,yes,,truncated side: ours (268 vs 269 chars)
18698,RES 2023 #81,2023-03-20,200,exact,exact,yes,yes,,
11183,RES 2020 #23,2020-01-27,200,exact,exact,yes,none,,
24442,AR-24-25,2024-06-10,200,exact,prefix,yes,none,,truncated side: ours (135 vs 136 chars)
15176,POR 2021 #262,2021-12-06,200,exact,prefix,yes,yes,,truncated side: ours (244 vs 245 chars)
15417,COM 38 #2022,2022-01-10,200,exact,prefix,yes,none,pdf-ok,truncated side: ours (88 vs 89 chars)
24666,RES 2024 #162,2024-06-24,200,exact,prefix,yes,yes,,truncated side: ours (104 vs 105 chars)
24746,CMA 2024 #143,2024-06-24,200,exact,prefix,yes,yes,,truncated side: ours (445 vs 446 chars)
9355,RES 2019 #153,2019-05-20,200,exact,prefix,yes,yes,,truncated side: ours (127 vs 128 chars)
28027,APP 2025 #15,2025-03-24,200,exact,prefix,yes,yes,,truncated side: ours (215 vs 216 chars)
8792,POR 2019 #82,2019-03-18,200,exact,prefix,yes,yes,,truncated side: ours (46 vs 47 chars)
12855,RES 2020 #268,2020-10-26,200,exact,exact,yes,yes,,
9055,AR-19-44,2019-04-22,200,exact,prefix,yes,none,,truncated side: ours (100 vs 101 chars)
11180,RES 2020 #22,2020-01-27,200,exact,exact,yes,yes,,
15323,RES 2021 #323,2021-12-20,200,exact,exact,yes,yes,,
31401,RES 2025 #273,2025-12-08,200,exact,exact,yes,yes,,
14276,CMA 2021 #156,2021-06-14,200,exact,prefix,yes,yes,,truncated side: ours (218 vs 219 chars)
14286,RES 2021 #161,2021-06-14,200,exact,exact,yes,yes,,
12479,POR 2020 #185,2020-09-14,200,exact,exact,yes,yes,,
16998,APP 2022 #45,2022-10-03,200,exact,exact,yes,yes,,
16814,RES 2022 #224,2022-09-12,200,exact,prefix,yes,yes,,truncated side: ours (114 vs 115 chars)
15570,RES 2022 #27,2022-02-07,200,exact,prefix,yes,yes,,truncated side: ours (47 vs 48 chars)
11134,RES 2020 #14,2020-01-13,200,exact,prefix,yes,yes,,truncated side: ours (43 vs 44 chars)
10579,AR-19-136,2019-10-21,200,exact,prefix,yes,none,,truncated side: ours (162 vs 163 chars)
11092,APP 2019 #95,2019-12-16,200,exact,prefix,yes,yes,pdf-ok,truncated side: ours (242 vs 243 chars)
9909,POR 2019 #264,2019-07-30,200,exact,prefix,yes,yes,,truncated side: ours (383 vs 384 chars)
9375,POR 2019 #181,2019-05-20,200,exact,exact,yes,yes,,
6452,POR 2018 #54,2018-02-26,200,exact,prefix,yes,yes,,truncated side: ours (127 vs 128 chars)
31101,AR-25-61,2025-10-20,200,exact,prefix,yes,none,,truncated side: ours (223 vs 224 chars)
13780,RES 2021 #96,2021-04-05,200,exact,exact,yes,yes,,
29339,CMA 2025 #115,2025-05-05,200,exact,prefix,yes,yes,,truncated side: ours (162 vs 163 chars)
11591,APP 2020 #19,2020-03-30,200,exact,exact,yes,yes,,
13262,RES 2020 #312,2020-12-21,200,exact,exact,yes,yes,,
6855,RES 2018 #132,2018-04-23,200,exact,prefix,yes,yes,,truncated side: ours (42 vs 43 chars)
19579,POR 2023 #98,2023-05-22,200,exact,prefix,yes,yes,,truncated side: ours (191 vs 192 chars)
23761,CMA 2024 #96,2024-05-06,200,exact,prefix,yes,yes,,truncated side: ours (145 vs 146 chars)
6503,AR-18-22,2018-03-05,200,exact,prefix,yes,none,,truncated side: ours (62 vs 63 chars)
30681,CMA 2025 #177,2025-06-30,200,exact,prefix,yes,yes,,truncated side: ours (158 vs 159 chars)
17867,POR 2023 #5,2023-01-09,200,exact,exact,yes,yes,,
12314,RES 2020 #184,2020-07-27,200,exact,exact,yes,yes,,
12073,RES 2020 #165,2020-06-22,200,exact,exact,yes,yes,,
6948,COM 357 #2018,2018-04-30,200,exact,prefix,yes,none,,truncated side: ours (120 vs 121 chars)
7178,RES 2018 #189,2018-06-04,200,exact,exact,yes,yes,,
8435,CMA 2019 #6,2019-01-14,200,exact,prefix,yes,yes,,truncated side: ours (181 vs 182 chars)
11939,RES 2020 #145,2020-06-01,200,exact,exact,yes,yes,,
11734,CMA 2020 #96,2020-05-04,200,exact,prefix,yes,yes,,truncated side: ours (101 vs 102 chars)
29292,CMA 2025 #102,2025-04-28,200,exact,prefix,yes,yes,,truncated side: ours (105 vs 106 chars)
12707,POR 2020 #219,2020-10-05,200,exact,exact,yes,yes,,
9596,AR-19-75,2019-06-24,200,exact,prefix,yes,none,,truncated side: ours (239 vs 240 chars)
16405,POR 2022 #109,2022-06-06,200,exact,prefix,yes,yes,,truncated side: ours (117 vs 118 chars)
14674,POR 2021 #195,2021-09-20,200,exact,exact,yes,yes,,
13248,POR 2020 #292,2020-12-21,200,exact,prefix,yes,yes,,truncated side: ours (466 vs 467 chars)
10421,POR 2019 #312,2019-09-23,200,exact,exact,yes,yes,,
7911,POR 2018 #267,2018-10-29,200,exact,prefix,yes,yes,,truncated side: ours (80 vs 81 chars)
9522,POR 2019 #213,2019-06-10,200,exact,prefix,yes,yes,,truncated side: ours (259 vs 260 chars)
20292,POR 2023 #140,2023-08-07,200,exact,prefix,yes,yes,,truncated side: ours (181 vs 182 chars)
11716,RES 2020 #104,2020-04-27,200,exact,prefix,yes,yes,,truncated side: ours (43 vs 44 chars)
15894,POR 2022 #43,2022-03-21,200,exact,prefix,yes,yes,,truncated side: ours (162 vs 163 chars)
17027,RES 2022 #261,2022-10-17,200,exact,prefix,yes,yes,,truncated side: ours (48 vs 49 chars)
21118,RES 2023 #294,2023-11-06,200,exact,prefix,yes,yes,,truncated side: ours (47 vs 48 chars)
8125,CMA 2018 #306,2018-12-03,200,exact,prefix,yes,yes,,truncated side: ours (436 vs 437 chars)
18249,CMA 2023 #33,2023-02-13,200,exact,prefix,yes,yes,,truncated side: ours (438 vs 439 chars)
9449,POR 2019 #193,2019-06-03,200,exact,prefix,yes,yes,,truncated side: ours (106 vs 107 chars)
6893,POR 2018 #124,2018-04-30,200,exact,prefix,yes,yes,,truncated side: ours (75 vs 76 chars)
7756,CMA 2018 #249,2018-10-15,200,exact,prefix,yes,yes,,truncated side: ours (302 vs 303 chars)
14930,AR-21-77,2021-11-01,200,exact,prefix,yes,none,,truncated side: ours (83 vs 84 chars)
21730,CMA 2023 #299,2023-12-18,200,exact,prefix,yes,yes,,truncated side: ours (246 vs 247 chars)
15031,POR 2021 #252,2021-11-15,200,exact,prefix,yes,yes,,truncated side: ours (105 vs 106 chars)
14168,AR-21-42,2021-06-07,200,exact,prefix,yes,none,,truncated side: ours (231 vs 232 chars)
12720,COM 645 #2020,2020-10-05,200,exact,prefix,yes,none,,truncated side: ours (97 vs 98 chars)
16818,POR 2022 #160,2022-09-12,200,exact,prefix,yes,yes,,truncated side: ours (327 vs 328 chars)
8212,AR-18-136,2018-12-10,200,exact,prefix,yes,none,,truncated side: ours (145 vs 146 chars)
10510,APP 2019 #80,2019-10-07,200,exact,prefix,yes,yes,pdf-ok,truncated side: ours (98 vs 99 chars)
8119,CMA 2018 #301,2018-12-03,200,exact,prefix,yes,yes,,truncated side: ours (459 vs 460 chars)
21055,APP 2023 #55,2023-10-30,200,exact,exact,yes,yes,,
9954,AR-19-93,2019-09-09,200,exact,prefix,yes,none,,truncated side: ours (79 vs 80 chars)
24909,CMA 2024 #172,2024-08-05,200,exact,prefix,yes,yes,,truncated side: ours (380 vs 381 chars)
15653,POR 2022 #35,2022-02-28,200,exact,exact,yes,yes,pdf-ok,
9989,CMA 2019 #230,2019-09-09,200,exact,prefix,yes,yes,,truncated side: ours (576 vs 577 chars)
17346,AR-22-77,2022-11-07,200,exact,prefix,yes,none,,truncated side: ours (115 vs 116 chars)
9657,POR 2019 #224,2019-06-24,200,exact,prefix,yes,yes,,truncated side: ours (232 vs 233 chars)
9857,POR 2019 #257,2019-07-30,200,exact,prefix,yes,yes,,truncated side: ours (182 vs 183 chars)
31366,ARS-25-31,2025-12-08,200,exact,exact,yes,none,,
15625,CMA 2022 #21,2022-02-28,200,exact,prefix,yes,yes,pdf-ok,truncated side: ours (273 vs 274 chars)
26970,RES 2025 #27,2025-02-03,200,exact,prefix,yes,yes,,truncated side: ours (84 vs 85 chars)
8505,POR 2019 #25,2019-01-28,200,exact,prefix,yes,yes,,truncated side: ours (184 vs 185 chars)
20328,RES 2023 #248,2023-09-18,200,exact,prefix,yes,yes,,truncated side: ours (77 vs 78 chars)
13195,CMA 2020 #286,2020-12-14,200,exact,prefix,yes,yes,,truncated side: ours (168 vs 169 chars)
30808,CMA 2025 #194,2025-08-04,200,exact,prefix,yes,yes,,truncated side: ours (880 vs 881 chars)
6326,RES 2018 #35,2018-02-12,200,exact,prefix,yes,yes,,truncated side: ours (100 vs 101 chars)
20519,CMA 2023 #238,2023-09-11,200,exact,prefix,yes,yes,,truncated side: ours (237 vs 238 chars)
10624,POR 2019 #350,2019-10-21,200,exact,prefix,yes,yes,,truncated side: ours (432 vs 433 chars)
22480,RES 2024 #59,2024-04-01,200,exact,exact,yes,yes,,
9325,CMA 2019 #147,2019-05-20,200,exact,prefix,yes,yes,,truncated side: ours (302 vs 303 chars)
13564,CMA 2021 #37,2021-03-01,200,exact,prefix,yes,yes,,truncated side: ours (179 vs 180 chars)
7445,RES 2018 #241,2018-07-30,200,exact,prefix,yes,yes,,truncated side: ours (45 vs 46 chars)
21194,RES 2023 #300,2023-11-20,200,exact,prefix,yes,yes,,truncated side: ours (49 vs 50 chars)
7300,COM 503 #2018,2018-06-18,200,exact,prefix,yes,none,,truncated side: ours (171 vs 172 chars)
9252,APP 2019 #30,2019-05-06,200,exact,prefix,yes,yes,,truncated side: ours (243 vs 244 chars)
9370,RES 2019 #159,2019-05-20,200,exact,exact,yes,yes,,
11557,RES 2020 #79,2020-03-16,200,exact,prefix,yes,yes,,truncated side: ours (44 vs 45 chars)
16796,RES 2022 #220,2022-09-12,200,exact,prefix,yes,yes,,truncated side: ours (172 vs 173 chars)
25069,RES 2024 #213,2024-09-16,200,exact,prefix,yes,yes,,truncated side: ours (91 vs 92 chars)
14011,RES 2021 #120,2021-05-10,200,exact,exact,yes,yes,,
26497,AR-24-68,2024-12-16,200,exact,prefix,yes,none,,truncated side: ours (421 vs 422 chars)
6862,POR 2018 #127,2018-04-30,200,exact,prefix,yes,yes,,truncated side: ours (173 vs 174 chars)
31299,RES 2025 #253,2025-11-24,200,exact,prefix,yes,yes,,truncated side: ours (89 vs 90 chars)
12549,RES 2020 #228,2020-09-14,200,exact,prefix,yes,yes,,truncated side: ours (142 vs 143 chars)
6706,AR-18-37,2018-04-02,200,exact,prefix,yes,none,,truncated side: ours (124 vs 125 chars)
8685,POR 2019 #64,2019-02-25,200,exact,prefix,yes,yes,,truncated side: ours (67 vs 68 chars)
8400,COM 32 #2019,2019-01-07,200,exact,prefix,yes,none,,truncated side: ours (62 vs 63 chars)
13364,RES 2021 #21,2021-02-03,200,exact,prefix,yes,yes,,truncated side: ours (44 vs 45 chars)
14721,CMA 2021 #218,2021-09-27,200,exact,prefix,yes,yes,,truncated side: ours (607 vs 608 chars)
25025,CMA 2024 #197,2024-09-09,200,exact,prefix,yes,yes,,truncated side: ours (271 vs 272 chars)
16199,CMA 2022 #90,2022-05-02,200,exact,exact,yes,yes,pdf-ok,
24134,POR 2024 #65,2024-05-20,200,exact,prefix,yes,yes,,truncated side: ours (318 vs 319 chars)
8718,CMA 2019 #44,2019-03-04,200,exact,prefix,yes,yes,,truncated side: ours (247 vs 248 chars)
7155,POR 2018 #150,2018-06-04,200,exact,exact,yes,yes,,
29501,CMA 2025 #127,2025-05-19,200,exact,prefix,yes,yes,,truncated side: ours (129 vs 130 chars)
8668,RES 2019 #59,2019-02-25,200,exact,prefix,yes,yes,,truncated side: ours (45 vs 46 chars)
22161,POR 2024 #18,2024-02-12,200,exact,prefix,yes,yes,,truncated side: ours (303 vs 304 chars)
15270,POR 2021 #286,2021-12-20,200,exact,exact,yes,yes,,
20817,RES 2023 #275,2023-10-16,200,exact,prefix,yes,yes,,truncated side: ours (82 vs 83 chars)
16532,CMA 2022 #140,2022-06-27,200,exact,prefix,yes,yes,,truncated side: ours (197 vs 198 chars)
13407,RES 2021 #35,2021-02-03,200,exact,exact,yes,yes,,
16299,APP 2022 #23,2022-05-16,200,exact,prefix,yes,yes,,truncated side: ours (249 vs 250 chars)
26739,RES 2025 #3,2025-01-06,200,exact,prefix,yes,yes,,truncated side: ours (108 vs 109 chars)
24951,RES 2024 #199,2024-08-05,200,exact,exact,yes,yes,,
31065,CMA 2025 #245,2025-10-06,200,exact,prefix,yes,yes,,truncated side: ours (583 vs 584 chars)
7334,CMA 2018 #162,2018-06-25,200,exact,exact,yes,yes,,
31307,RES 2025 #275,2025-12-15,200,exact,prefix,yes,yes,,truncated side: ours (101 vs 102 chars)
14580,CMA 2021 #209,2021-09-13,200,exact,prefix,yes,yes,,truncated side: ours (576 vs 577 chars)
27942,RES 2025 #60,2025-03-24,200,exact,prefix,yes,yes,,truncated side: ours (51 vs 52 chars)
14762,APP 2021 #42,2021-10-04,200,exact,prefix,yes,yes,,truncated side: ours (298 vs 299 chars)
6389,POR 2018 #41,2018-02-26,200,exact,prefix,yes,yes,,truncated side: ours (63 vs 64 chars)
6915,RES 2018 #141,2018-04-30,200,exact,prefix,yes,yes,,truncated side: ours (134 vs 135 chars)
20807,AR-23-69,2023-10-16,200,exact,exact,yes,none,,
14113,APP 2021 #27,2021-05-24,200,exact,prefix,yes,yes,,truncated side: ours (284 vs 285 chars)
16493,POR 2022 #124,2022-06-13,200,exact,prefix,yes,yes,,truncated side: ours (111 vs 112 chars)
12018,CMA 2020 #131,2020-06-15,200,exact,prefix,yes,yes,,truncated side: ours (460 vs 461 chars)
7042,POR 2018 #139,2018-05-14,200,exact,prefix,yes,yes,,truncated side: ours (115 vs 116 chars)
19791,RES 2023 #178,2023-06-26,200,exact,prefix,yes,yes,,truncated side: ours (87 vs 88 chars)
7025,APP 2018 #314,2018-05-14,200,exact,prefix,yes,yes,,truncated side: ours (445 vs 446 chars)
18296,POR 2023 #30,2023-02-13,200,exact,exact,yes,yes,,
29341,RES 2025 #114,2025-05-05,200,exact,prefix,yes,yes,,truncated side: ours (77 vs 78 chars)
16467,AR-22-40,2022-06-13,200,exact,prefix,yes,none,,truncated side: ours (141 vs 142 chars)
19670,CMA 2023 #152,2023-06-05,200,exact,prefix,yes,yes,,truncated side: ours (348 vs 349 chars)
8522,RES 2019 #40,2019-01-28,200,exact,prefix,yes,yes,,truncated side: ours (78 vs 79 chars)
14807,POR 2021 #243,2021-11-08,200,exact,exact,yes,yes,,
8307,POR 2018 #323,2018-12-17,200,exact,prefix,yes,yes,,truncated side: ours (171 vs 172 chars)
21005,CMA 2023 #261,2023-10-30,200,exact,prefix,yes,yes,,truncated side: ours (298 vs 299 chars)
9435,CMA 2019 #158,2019-06-03,200,exact,prefix,yes,yes,,truncated side: ours (154 vs 155 chars)
8131,RES 2018 #375,2018-12-03,200,exact,prefix,yes,yes,,truncated side: ours (103 vs 104 chars)
13992,AR-21-35,2021-05-10,200,exact,prefix,yes,none,,truncated side: ours (183 vs 184 chars)
7541,RES 2018 #268,2018-09-17,200,exact,prefix,yes,yes,,truncated side: ours (73 vs 74 chars)
13376,RES 2021 #22,2021-02-03,200,exact,exact,yes,yes,,
24393,POR 2024 #75,2024-06-03,200,exact,prefix,yes,yes,pdf-ok,truncated side: ours (161 vs 162 chars)
16250,CMA 2022 #104,2022-05-09,200,exact,prefix,yes,yes,,truncated side: ours (261 vs 262 chars)
6951,APP 2018 #309,2018-05-07,200,exact,prefix,yes,yes,,truncated side: ours (203 vs 204 chars)
7577,CMA 2018 #210,2018-09-17,200,exact,prefix,yes,yes,,truncated side: ours (636 vs 637 chars)
18446,POR 2023 #39,2023-02-27,200,exact,exact,yes,yes,,
12999,POR 2020 #262,2020-11-16,200,exact,exact,yes,yes,,
8577,RES 2019 #45,2019-02-04,200,exact,prefix,yes,yes,,truncated side: ours (61 vs 62 chars)
17959,POR 2023 #10,2023-01-23,200,exact,prefix,yes,yes,,truncated side: ours (548 vs 549 chars)
11332,POR 2020 #27,2020-02-10,200,exact,exact,yes,yes,,
15909,RES 2022 #60,2022-03-21,200,exact,prefix,yes,yes,,truncated side: ours (48 vs 49 chars)
31227,POR 2025 #158,2025-11-03,200,exact,prefix,yes,yes,,truncated side: ours (247 vs 248 chars)
6687,POR 2018 #87,2018-03-26,200,exact,prefix,yes,yes,,truncated side: ours (244 vs 245 chars)
10788,POR 2019 #365,2019-11-04,200,exact,prefix,yes,yes,,truncated side: ours (295 vs 296 chars)
26111,RES 2024 #278,2024-11-04,200,exact,exact,yes,yes,,
12024,CMA 2020 #132,2020-06-15,200,exact,prefix,yes,yes,,truncated side: ours (171 vs 172 chars)
9889,POR 2019 #260,2019-07-30,200,exact,prefix,yes,yes,,truncated side: ours (239 vs 240 chars)
6601,AR-18-28,2018-03-19,200,exact,prefix,yes,none,,truncated side: ours (182 vs 183 chars)
14026,CMA 2021 #118,2021-05-17,200,exact,prefix,yes,yes,,truncated side: ours (414 vs 415 chars)
31522,CMA 2025 #303,2025-12-15,200,exact,prefix,yes,yes,pdf-ok,truncated side: ours (107 vs 108 chars)
12143,AR-20-27,2020-06-29,200,exact,prefix,yes,none,,truncated side: ours (136 vs 137 chars)
15782,CMA 2022 #43,2022-03-07,200,exact,prefix,yes,yes,,truncated side: ours (594 vs 595 chars)
7830,POR 2018 #248,2018-10-29,200,exact,prefix,yes,yes,,truncated side: ours (220 vs 221 chars)
14673,POR 2021 #194,2021-09-20,200,exact,exact,yes,yes,,
29328,RES 2025 #108,2025-05-05,200,exact,prefix,yes,yes,,truncated side: ours (58 vs 59 chars)
9643,RES 2019 #222,2019-06-24,200,exact,prefix,yes,yes,,truncated side: ours (65 vs 66 chars)
17540,CMA 2022 #233,2022-11-21,200,exact,prefix,yes,yes,,truncated side: ours (162 vs 163 chars)
12661,AR-20-47,2020-10-05,200,exact,prefix,yes,none,,truncated side: ours (196 vs 197 chars)
15886,AR-22-12,2022-03-21,200,exact,prefix,yes,none,,truncated side: ours (57 vs 58 chars)
19478,POR 2023 #89,2023-05-15,200,exact,prefix,yes,yes,,truncated side: ours (254 vs 255 chars)
30824,POR 2025 #113,2025-08-04,200,exact,prefix,yes,yes,,truncated side: ours (56 vs 57 chars)
29710,CMA 2025 #134,2025-06-02,200,exact,prefix,yes,yes,,truncated side: ours (374 vs 375 chars)
9457,RES 2019 #183,2019-06-03,200,exact,prefix,yes,yes,,truncated side: ours (81 vs 82 chars)
9655,CMA 2019 #182,2019-06-24,200,exact,prefix,yes,yes,,truncated side: ours (280 vs 281 chars)
15995,POR 2022 #53,2022-03-28,200,exact,prefix,yes,yes,,truncated side: ours (329 vs 330 chars)
31837,RES 2026 #2,2026-01-12,200,exact,exact,yes,yes,,
19673,POR 2023 #103,2023-06-05,200,exact,prefix,yes,yes,,truncated side: ours (412 vs 413 chars)
6865,POR 2018 #117,2018-04-23,200,exact,prefix,yes,yes,,truncated side: ours (293 vs 294 chars)
11587,RES 2020 #85,2020-03-23,200,exact,exact,yes,yes,,
24855,RES 2024 #189,2024-08-05,200,exact,prefix,yes,yes,,truncated side: ours (66 vs 67 chars)
7607,APP 2018 #332,2018-09-17,200,exact,prefix,yes,yes,,truncated side: ours (275 vs 276 chars)
21734,CMA 2023 #302,2023-12-18,200,exact,prefix,yes,yes,,truncated side: ours (334 vs 335 chars)
7310,CMA 2018 #165,2018-06-25,200,exact,prefix,yes,yes,,truncated side: ours (152 vs 153 chars)
28299,AR-25-24,2025-04-07,200,exact,prefix,yes,none,,truncated side: ours (300 vs 301 chars)
27431,POR 2025 #36,2025-03-24,200,exact,prefix,yes,yes,,truncated side: ours (150 vs 151 chars)
25931,CMA 2024 #224,2024-10-21,200,exact,prefix,yes,yes,pdf-ok,truncated side: ours (174 vs 175 chars)
9336,COM 306 #2019,2019-05-13,200,exact,prefix,yes,none,,truncated side: ours (92 vs 93 chars)
24678,RES 2024 #174,2024-06-24,200,exact,prefix,yes,yes,,truncated side: ours (101 vs 102 chars)
13192,POR 2020 #289,2020-12-14,200,exact,exact,yes,yes,,
6412,CMA 2018 #49,2018-02-26,200,exact,prefix,yes,yes,,truncated side: ours (351 vs 352 chars)
10490,CMA 2019 #260,2019-10-07,200,exact,prefix,yes,yes,pdf-ok,truncated side: ours (267 vs 268 chars)
13746,CMA 2021 #63,2021-04-05,200,exact,prefix,yes,yes,,truncated side: ours (256 vs 257 chars)
29164,POR 2025 #54,2025-04-14,200,exact,prefix,yes,yes,,truncated side: ours (306 vs 307 chars)
29044,CMA 2025 #88,2025-04-14,200,exact,prefix,yes,yes,,truncated side: ours (418 vs 419 chars)
15219,CMA 2021 #277,2021-12-13,200,exact,prefix,yes,yes,pdf-ok,truncated side: ours (167 vs 168 chars)
30831,AR-25-45,2025-09-08,200,exact,prefix,yes,none,,truncated side: ours (242 vs 243 chars)
30902,CMA 2025 #218,2025-09-08,200,exact,prefix,yes,none,,truncated side: ours (374 vs 375 chars)
8986,CMA 2019 #88,2019-04-08,200,exact,prefix,yes,none,,truncated side: ours (511 vs 512 chars)
22159,RES 2024 #27,2024-02-12,200,exact,prefix,yes,none,,truncated side: ours (51 vs 52 chars)
15655,RES 2022 #44,2022-02-28,200,exact,prefix,yes,none,,truncated side: ours (69 vs 70 chars)
12350,POR 2020 #176,2020-07-27,200,exact,exact,yes,yes,,
12766,POR 2020 #224,2020-10-19,200,exact,exact,yes,yes,,
30745,RES 2025 #191,2025-09-08,200,exact,prefix,yes,yes,,truncated side: ours (45 vs 46 chars)
10687,AR-19-142,2019-10-28,200,exact,prefix,yes,none,,truncated side: ours (135 vs 136 chars)
15447,RES 2022 #16,2022-01-24,200,exact,prefix,yes,yes,,truncated side: ours (78 vs 79 chars)
8084,POR 2018 #289,2018-11-19,200,exact,exact,yes,yes,,
6459,RES 2018 #64,2018-02-26,200,exact,prefix,yes,yes,,truncated side: ours (86 vs 87 chars)
25056,POR 2024 #123,2024-09-09,200,exact,prefix,yes,yes,,truncated side: ours (94 vs 95 chars)
18450,COM 425 #2023,2023-02-27,200,exact,prefix,yes,none,,truncated side: ours (356 vs 357 chars)
6670,CMA 2018 #68,2018-03-26,200,exact,prefix,yes,yes,pdf-ok,truncated side: ours (158 vs 159 chars)
17193,AR-22-75,2022-10-24,200,exact,prefix,yes,none,,truncated side: ours (433 vs 434 chars)
12790,POR 2020 #230,2020-10-19,200,exact,prefix,yes,yes,,truncated side: ours (206 vs 207 chars)
7539,RES 2018 #267,2018-09-17,200,exact,prefix,yes,yes,,truncated side: ours (42 vs 43 chars)
28925,RES 2025 #86,2025-04-14,200,exact,prefix,yes,yes,,truncated side: ours (52 vs 53 chars)
13413,RES 2021 #37,2021-02-08,200,exact,prefix,yes,yes,,truncated side: ours (37 vs 38 chars)
12091,POR 2020 #145,2020-06-22,200,exact,exact,yes,yes,,
29436,RES 2025 #152,2025-06-30,200,exact,prefix,yes,yes,,truncated side: ours (87 vs 88 chars)
19087,CMA 2023 #103,2023-04-24,200,exact,prefix,yes,yes,,truncated side: ours (116 vs 117 chars)
25239,CMA 2024 #202,2024-09-16,200,exact,prefix,yes,yes,,truncated side: ours (380 vs 381 chars)
30751,RES 2025 #181,2025-08-04,200,exact,prefix,yes,yes,,truncated side: ours (80 vs 81 chars)
31338,POR 2025 #161,2025-11-24,200,exact,exact,yes,yes,,
17576,RES 2022 #307,2022-11-21,200,exact,exact,yes,yes,,
24895,APP 2024 #27,2024-08-05,200,exact,prefix,yes,yes,,truncated side: ours (338 vs 339 chars)
20281,CMA 2023 #219,2023-08-07,200,exact,prefix,yes,yes,,truncated side: ours (287 vs 288 chars)
24012,POR 2024 #64,2024-05-13,200,exact,prefix,yes,yes,,truncated side: ours (118 vs 119 chars)
20523,CMA 2023 #227,2023-09-11,200,exact,prefix,yes,yes,,truncated side: ours (560 vs 561 chars)
17127,CMA 2022 #201,2022-10-17,200,exact,prefix,yes,yes,,truncated side: ours (374 vs 375 chars)
28185,AR-25-23,2025-03-31,200,exact,prefix,yes,none,,truncated side: ours (202 vs 203 chars)
16835,POR 2022 #178,2022-09-19,200,exact,exact,yes,yes,,
27397,POR 2025 #12,2025-02-10,200,exact,prefix,yes,yes,,truncated side: ours (342 vs 343 chars)
6727,POR 2018 #103,2018-04-02,200,exact,prefix,yes,yes,,truncated side: ours (270 vs 271 chars)
16839,APP 2022 #43,2022-09-19,200,exact,prefix,yes,yes,,truncated side: ours (252 vs 253 chars)
22212,CMA 2024 #24,2024-02-26,200,exact,prefix,yes,yes,,truncated side: ours (202 vs 203 chars)
7694,CMA 2018 #235,2018-10-01,200,exact,prefix,yes,yes,,truncated side: ours (188 vs 189 chars)
9986,RES 2019 #282,2019-09-09,200,exact,prefix,yes,yes,,truncated side: ours (36 vs 37 chars)
14345,AR-21-50,2021-06-21,200,exact,prefix,yes,none,,truncated side: ours (312 vs 313 chars)
7104,COM 414 #2018,2018-05-21,200,exact,prefix,yes,none,pdf-ok,truncated side: ours (111 vs 112 chars)
8314,RES 2018 #410,2018-12-17,200,exact,prefix,yes,yes,,truncated side: ours (41 vs 42 chars)
12070,CMA 2020 #143,2020-06-22,200,exact,prefix,yes,yes,,truncated side: ours (344 vs 345 chars)
24383,CMA 2024 #112,2024-06-03,200,exact,prefix,yes,yes,,truncated side: ours (294 vs 295 chars)
20551,RES 2023 #241,2023-09-11,200,exact,prefix,yes,yes,,truncated side: ours (50 vs 51 chars)
10665,RES 2019 #353,2019-10-21,200,exact,prefix,yes,yes,,truncated side: ours (50 vs 51 chars)
31140,POR 2025 #148,2025-10-20,200,exact,prefix,yes,yes,,truncated side: ours (260 vs 261 chars)
24470,RES 2024 #142,2024-06-17,200,exact,prefix,yes,yes,,truncated side: ours (77 vs 78 chars)
11158,RES 2020 #19,2020-01-13,200,exact,prefix,yes,yes,,truncated side: ours (66 vs 67 chars)
9496,AR-19-68,2019-06-10,200,exact,prefix,yes,none,,truncated side: ours (120 vs 121 chars)
9687,AR-19-83,2019-07-30,200,exact,prefix,yes,none,,truncated side: ours (85 vs 86 chars)
13122,CMA 2020 #282,2020-12-07,200,exact,prefix,yes,yes,,truncated side: ours (758 vs 759 chars)
12272,POR 2020 #173,2020-07-27,200,exact,prefix,yes,yes,,truncated side: ours (247 vs 248 chars)
8153,APP 2018 #352,2018-12-03,200,exact,prefix,yes,yes,,truncated side: ours (294 vs 295 chars)
7230,CMA 2018 #135,2018-06-18,200,exact,prefix,yes,yes,,truncated side: ours (359 vs 360 chars)
